Time(s),ModelPosX,ModelPosY,ModelPosZ,ModelVelX,ModelVelY,ModelVelZ,MeasForceX,MeasForceY,MeasForceZ
0.000,0.036,-0.279,-0.172,0.000,0.000,-0.000,0.029,0.040,-0.244
0.016,0.036,-0.279,-0.172,0.000,0.000,-0.000,0.037,0.032,-0.241
0.031,0.036,-0.279,-0.172,0.000,0.000,-0.000,0.002,0.010,-0.232
0.047,0.036,-0.279,-0.172,0.000,0.000,-0.000,-0.000,0.013,-0.244
0.047,0.036,-0.279,-0.172,0.000,0.000,-0.000,0.025,0.030,-0.238
0.062,0.036,-0.279,-0.172,0.000,0.000,-0.000,0.013,0.009,-0.247
0.078,0.036,-0.279,-0.172,0.000,0.000,-0.000,0.009,0.011,-0.253
0.094,0.036,-0.279,-0.172,0.000,0.000,-0.000,0.049,0.021,-0.265
0.094,0.036,-0.279,-0.172,0.000,0.000,-0.000,0.009,0.011,-0.247
0.109,0.036,-0.279,-0.172,0.000,0.000,-0.000,0.033,0.030,-0.253
0.125,0.036,-0.279,-0.172,0.000,0.000,-0.000,0.017,0.022,-0.253
0.141,0.036,-0.279,-0.172,0.000,0.000,-0.000,0.021,0.013,-0.250
0.141,0.036,-0.279,-0.172,0.000,0.000,-0.000,0.028,0.048,-0.250
0.156,0.036,-0.279,-0.172,0.000,0.000,-0.000,0.022,0.020,-0.247
0.172,0.036,-0.279,-0.172,0.000,0.000,-0.000,0.016,-0.003,-0.226
0.187,0.036,-0.279,-0.172,0.000,0.000,-0.000,0.024,0.035,-0.244
0.203,0.036,-0.279,-0.172,0.000,0.000,-0.000,0.025,0.038,-0.244
0.203,0.036,-0.279,-0.173,0.000,0.000,-0.000,0.030,0.051,-0.238
0.219,0.036,-0.279,-0.173,0.000,0.000,-0.000,0.015,0.024,-0.253
0.234,0.036,-0.279,-0.173,0.000,0.000,-0.000,0.046,0.031,-0.232
0.234,0.036,-0.279,-0.173,0.000,0.000,-0.000,0.022,0.032,-0.215
0.250,0.036,-0.279,-0.173,0.000,0.000,-0.000,0.010,0.014,-0.265
0.266,0.036,-0.279,-0.173,0.000,0.000,-0.000,0.002,0.010,-0.238
0.281,0.036,-0.279,-0.173,0.000,0.000,-0.000,0.016,0.008,-0.265
0.281,0.036,-0.279,-0.173,0.000,0.000,-0.000,0.013,0.013,-0.232
0.297,0.036,-0.279,-0.173,0.000,0.000,-0.000,0.012,0.006,-0.265
0.312,0.036,-0.279,-0.173,0.000,0.000,-0.000,0.008,0.015,-0.232
0.328,0.036,-0.279,-0.173,0.000,0.000,-0.000,0.011,0.033,-0.221
0.328,0.036,-0.279,-0.173,0.000,0.000,-0.000,0.036,0.013,-0.253
0.344,0.036,-0.279,-0.173,0.000,0.000,-0.000,0.031,0.015,-0.253
0.359,0.036,-0.279,-0.173,0.000,0.000,-0.000,0.009,0.007,-0.232
0.375,0.036,-0.279,-0.173,0.000,0.000,-0.000,0.009,0.044,-0.235
0.375,0.036,-0.279,-0.173,0.000,0.000,-0.000,0.003,0.018,-0.247
0.391,0.036,-0.279,-0.173,0.000,0.000,-0.000,0.002,0.010,-0.265
0.406,0.036,-0.279,-0.173,0.000,0.000,-0.000,0.041,0.010,-0.244
0.406,0.036,-0.279,-0.173,0.000,0.000,-0.000,0.027,0.013,-0.229
0.422,0.036,-0.279,-0.173,0.000,0.000,-0.000,0.017,0.027,-0.229
0.437,0.036,-0.279,-0.173,0.000,0.000,-0.000,0.024,0.019,-0.235
0.453,0.036,-0.279,-0.173,0.000,0.000,-0.000,0.033,0.007,-0.232
0.453,0.036,-0.279,-0.173,0.000,0.000,-0.000,0.023,0.039,-0.226
0.469,0.036,-0.279,-0.173,0.000,0.000,-0.000,0.012,0.029,-0.265
0.484,0.036,-0.279,-0.173,0.000,0.000,-0.000,0.036,0.048,-0.235
0.484,0.036,-0.279,-0.173,0.000,0.000,-0.000,0.011,0.010,-0.232
0.500,0.036,-0.279,-0.173,0.000,0.000,-0.000,0.034,0.010,-0.232
0.516,0.036,-0.279,-0.173,0.000,0.000,-0.000,-0.001,0.004,-0.235
0.531,0.036,-0.279,-0.173,0.000,0.000,-0.000,0.013,0.013,-0.235
0.531,0.036,-0.279,-0.173,0.000,0.000,-0.000,0.014,0.032,-0.247
0.547,0.036,-0.279,-0.173,0.000,0.000,-0.000,0.013,0.025,-0.235
0.562,0.036,-0.279,-0.173,0.000,0.000,-0.000,0.031,0.003,-0.235
0.562,0.036,-0.279,-0.173,0.000,0.000,-0.000,0.000,0.035,-0.226
0.578,0.036,-0.279,-0.173,0.000,0.000,-0.000,0.016,0.008,-0.215
0.594,0.036,-0.279,-0.173,0.000,0.000,-0.000,0.034,0.049,-0.259
0.609,0.036,-0.279,-0.173,0.000,0.000,-0.000,0.028,0.021,-0.247
0.609,0.036,-0.279,-0.173,0.000,0.000,-0.000,0.004,0.014,-0.238
0.625,0.036,-0.279,-0.173,0.000,0.000,-0.000,0.014,0.020,-0.238
0.641,0.036,-0.279,-0.173,0.000,0.000,-0.000,0.009,0.023,-0.250
0.641,0.036,-0.279,-0.173,0.000,0.000,-0.000,0.013,0.013,-0.229
0.656,0.036,-0.279,-0.173,0.000,0.000,-0.000,0.003,0.018,-0.215
0.672,0.036,-0.279,-0.173,0.000,0.000,-0.000,0.030,0.000,-0.241
0.672,0.036,-0.279,-0.173,0.000,0.000,-0.000,0.005,0.021,-0.215
0.687,0.036,-0.279,-0.173,0.000,0.000,-0.000,0.011,0.022,-0.226
0.703,0.036,-0.279,-0.173,0.000,0.000,-0.000,0.021,0.013,-0.241
0.719,0.036,-0.279,-0.173,0.000,0.000,-0.000,0.016,0.019,-0.247
0.719,0.036,-0.279,-0.173,0.000,0.000,-0.000,0.023,0.004,-0.241
0.734,0.036,-0.279,-0.173,0.000,0.000,-0.000,0.020,0.021,-0.235
0.750,0.036,-0.279,-0.173,0.000,0.000,-0.000,0.031,0.003,-0.256
0.750,0.036,-0.279,-0.173,0.000,0.000,-0.000,0.014,0.033,-0.247
0.766,0.036,-0.279,-0.173,0.000,0.000,-0.000,0.019,0.025,-0.247
0.781,0.036,-0.279,-0.173,0.000,0.000,-0.000,0.009,0.007,-0.238
0.797,0.036,-0.279,-0.173,0.000,0.000,-0.000,0.023,-0.012,-0.235
0.797,0.036,-0.279,-0.173,0.000,0.000,-0.000,0.006,0.005,-0.247
0.812,0.036,-0.279,-0.173,0.000,0.000,-0.000,0.028,0.021,-0.235
0.828,0.036,-0.279,-0.173,0.000,0.000,-0.000,0.002,0.015,-0.229
0.828,0.036,-0.279,-0.173,0.000,0.000,-0.000,0.028,0.025,-0.241
0.844,0.036,-0.279,-0.173,0.000,0.000,-0.000,0.016,0.019,-0.253
0.859,0.036,-0.279,-0.173,0.000,0.000,-0.000,0.024,0.035,-0.247
0.859,0.036,-0.279,-0.173,0.000,0.000,-0.000,0.002,0.036,-0.256
0.875,0.036,-0.279,-0.173,0.000,0.000,-0.000,0.012,0.041,-0.244
0.891,0.036,-0.279,-0.173,0.000,0.000,-0.000,0.009,0.011,-0.244
0.906,0.036,-0.279,-0.173,0.000,0.000,-0.000,0.023,0.016,-0.244
0.906,0.036,-0.279,-0.173,0.000,0.000,-0.000,-0.019,0.014,-0.250
0.922,0.036,-0.279,-0.173,0.000,0.000,-0.000,0.019,0.014,-0.235
0.937,0.036,-0.279,-0.173,0.000,0.000,-0.000,0.012,0.017,-0.244
0.953,0.036,-0.279,-0.173,0.000,0.000,-0.000,0.032,0.038,-0.232
0.953,0.036,-0.279,-0.173,0.000,0.000,-0.000,0.009,-0.001,-0.238
0.969,0.036,-0.279,-0.173,0.000,0.000,-0.000,0.012,0.029,-0.253
0.984,0.036,-0.279,-0.173,0.000,0.000,-0.000,0.017,0.022,-0.241
0.984,0.036,-0.279,-0.173,0.000,0.000,-0.000,0.026,0.010,-0.238
1.000,0.036,-0.279,-0.173,0.000,0.000,-0.000,0.022,0.020,-0.256
1.016,0.036,-0.279,-0.173,0.000,0.000,-0.000,0.009,0.011,-0.241
1.031,0.036,-0.279,-0.173,0.000,0.000,-0.000,0.020,0.021,-0.241
1.031,0.036,-0.279,-0.173,0.000,0.000,-0.000,0.007,0.031,-0.244
1.047,0.036,-0.279,-0.173,0.000,0.000,-0.000,0.019,0.014,-0.229
1.062,0.036,-0.279,-0.173,0.000,0.000,-0.000,0.025,0.038,-0.232
1.062,0.036,-0.279,-0.173,0.000,0.000,-0.000,0.002,-0.001,-0.259
1.078,0.036,-0.279,-0.173,0.000,0.000,-0.000,0.020,0.021,-0.241
1.094,0.036,-0.279,-0.173,0.000,0.000,-0.000,0.024,0.035,-0.232
1.109,0.036,-0.279,-0.173,0.000,0.000,-0.000,0.019,0.014,-0.226
1.109,0.036,-0.279,-0.173,0.000,0.000,-0.000,0.018,0.030,-0.259
1.125,0.036,-0.279,-0.173,0.000,0.000,-0.000,0.019,0.025,-0.256
1.141,0.036,-0.279,-0.173,0.000,0.000,-0.000,0.017,0.022,-0.215
1.156,0.036,-0.279,-0.173,0.000,0.000,-0.000,0.006,0.005,-0.235
1.156,0.036,-0.279,-0.173,0.000,0.000,-0.000,0.010,0.030,-0.229
1.172,0.036,-0.279,-0.173,0.000,0.000,-0.000,0.017,0.027,-0.218
1.187,0.036,-0.279,-0.173,0.000,0.000,-0.000,0.015,0.035,-0.244
1.187,0.036,-0.279,-0.173,0.000,0.000,-0.000,0.031,0.015,-0.238
1.203,0.036,-0.279,-0.173,0.000,0.000,-0.000,0.002,-0.001,-0.232
1.219,0.036,-0.279,-0.173,0.000,0.000,-0.000,0.022,0.008,-0.244
1.234,0.036,-0.279,-0.173,0.000,0.000,-0.000,0.017,0.027,-0.235
1.234,0.036,-0.279,-0.173,0.000,0.000,-0.000,0.019,-0.010,-0.241
1.250,0.036,-0.279,-0.173,0.000,0.000,-0.000,0.010,0.019,-0.244
1.266,0.036,-0.279,-0.173,0.000,0.000,-0.000,0.025,0.042,-0.247
1.266,0.036,-0.279,-0.173,0.000,0.000,-0.000,0.010,0.026,-0.235
1.281,0.036,-0.279,-0.173,0.000,0.000,-0.000,0.017,0.022,-0.238
1.297,0.036,-0.279,-0.173,0.000,0.000,-0.000,-0.002,0.013,-0.238
1.312,0.036,-0.279,-0.173,0.000,0.000,-0.000,0.023,0.004,-0.224
1.312,0.036,-0.279,-0.173,0.000,0.000,-0.000,0.010,0.026,-0.253
1.328,0.036,-0.279,-0.173,0.000,0.000,-0.000,0.006,0.012,-0.268
1.344,0.036,-0.279,-0.173,0.000,0.000,-0.000,0.013,0.011,-0.244
1.344,0.036,-0.279,-0.173,0.000,0.000,-0.000,0.010,0.030,-0.259
1.359,0.036,-0.279,-0.173,0.000,0.000,-0.000,0.027,0.018,-0.232
1.375,0.036,-0.279,-0.173,0.000,0.000,-0.000,0.001,0.042,-0.250
1.391,0.036,-0.279,-0.173,0.000,0.000,-0.000,0.035,0.018,-0.244
1.391,0.036,-0.279,-0.173,0.000,0.000,-0.000,0.010,0.026,-0.235
1.406,0.036,-0.279,-0.173,0.000,0.000,-0.000,0.018,-0.006,-0.241
1.422,0.036,-0.279,-0.173,0.000,0.000,-0.000,0.027,-0.010,-0.247
1.422,0.036,-0.279,-0.173,0.000,0.000,-0.000,-0.001,0.016,-0.241
1.437,0.036,-0.279,-0.173,0.000,0.000,-0.000,0.028,0.009,-0.232
1.453,0.036,-0.279,-0.173,0.000,0.000,-0.000,0.014,0.016,-0.235
1.469,0.036,-0.279,-0.173,0.000,0.000,-0.000,0.019,0.037,-0.250
1.469,0.036,-0.279,-0.173,0.000,0.000,-0.000,0.004,0.025,-0.232
1.484,0.036,-0.279,-0.173,0.000,0.000,-0.000,-0.002,-0.003,-0.259
1.500,0.036,-0.279,-0.173,0.000,0.000,-0.000,-0.013,0.015,-0.235
1.516,0.036,-0.279,-0.173,0.000,0.000,-0.000,-0.012,0.039,-0.238
1.516,0.036,-0.279,-0.173,0.000,0.000,-0.000,0.007,0.008,-0.241
1.531,0.036,-0.279,-0.173,0.000,0.000,-0.000,0.006,0.017,-0.250
1.547,0.036,-0.279,-0.173,0.000,0.000,-0.000,0.022,0.020,-0.229
1.547,0.036,-0.279,-0.173,0.000,0.000,-0.000,-0.002,0.013,-0.247
1.562,0.036,-0.279,-0.173,0.000,0.000,-0.000,0.009,0.011,-0.241
1.578,0.036,-0.279,-0.173,0.000,0.000,-0.000,0.004,0.037,-0.235
1.594,0.036,-0.279,-0.173,0.000,0.000,-0.000,-0.013,0.015,-0.241
1.594,0.036,-0.279,-0.173,0.000,0.000,-0.000,0.009,0.035,-0.244
1.609,0.036,-0.279,-0.173,0.000,0.000,-0.000,0.015,0.012,-0.247
1.625,0.036,-0.279,-0.173,0.000,0.000,-0.000,0.004,0.014,-0.241
1.625,0.036,-0.279,-0.173,-0.001,0.000,-0.000,0.019,0.014,-0.250
1.641,0.036,-0.279,-0.173,-0.001,0.000,-0.000,0.012,0.029,-0.253
1.656,0.036,-0.279,-0.173,-0.002,0.000,-0.000,0.027,0.029,-0.256
1.672,0.036,-0.279,-0.173,-0.003,0.000,-0.000,0.007,-0.004,-0.253
1.672,0.036,-0.279,-0.173,-0.003,0.000,-0.000,0.005,-0.002,-0.229
1.687,0.036,-0.279,-0.173,-0.004,0.000,-0.000,0.040,0.003,-0.244
1.703,0.036,-0.279,-0.173,-0.005,0.000,-0.000,0.053,0.023,-0.238
1.703,0.036,-0.279,-0.173,-0.005,0.001,-0.001,0.053,0.023,-0.262
1.719,0.036,-0.279,-0.173,-0.005,0.001,-0.001,-0.002,0.036,-0.229
1.734,0.036,-0.279,-0.173,-0.006,0.002,-0.001,0.007,0.024,-0.182
1.750,0.036,-0.279,-0.173,-0.006,0.003,-0.001,-0.001,0.016,-0.274
1.750,0.035,-0.279,-0.173,-0.006,0.003,-0.001,0.028,-0.003,-0.238
1.766,0.035,-0.279,-0.173,-0.007,0.003,-0.001,0.023,0.016,-0.229
1.781,0.035,-0.279,-0.173,-0.007,0.004,-0.001,0.025,0.038,-0.215
1.781,0.035,-0.279,-0.173,-0.008,0.004,-0.001,-0.015,0.023,-0.218
1.797,0.035,-0.279,-0.173,-0.008,0.004,-0.001,-0.002,0.036,-0.215
1.812,0.035,-0.279,-0.173,-0.009,0.004,-0.001,0.026,0.010,-0.226
1.812,0.035,-0.279,-0.173,-0.009,0.005,-0.001,0.024,0.011,-0.235
1.828,0.035,-0.278,-0.173,-0.009,0.005,-0.001,0.017,0.010,-0.224
1.844,0.035,-0.278,-0.173,-0.010,0.005,-0.001,0.025,0.038,-0.247
1.859,0.035,-0.278,-0.173,-0.010,0.005,-0.001,0.007,0.008,-0.241
1.859,0.035,-0.278,-0.173,-0.011,0.006,-0.001,0.025,0.030,-0.215
1.875,0.034,-0.278,-0.173,-0.011,0.006,-0.001,0.033,0.007,-0.229
1.891,0.034,-0.278,-0.173,-0.012,0.006,-0.002,0.034,0.010,-0.238
1.891,0.034,-0.278,-0.173,-0.012,0.006,-0.002,0.009,0.035,-0.215
1.906,0.034,-0.278,-0.173,-0.013,0.007,-0.002,0.021,0.029,-0.229
1.922,0.034,-0.278,-0.173,-0.013,0.007,-0.002,0.015,0.024,-0.253
1.937,0.034,-0.278,-0.173,-0.014,0.007,-0.002,0.021,0.024,-0.259
1.937,0.034,-0.278,-0.173,-0.014,0.007,-0.002,0.010,0.021,-0.206
1.953,0.033,-0.278,-0.173,-0.015,0.008,-0.002,0.013,0.009,-0.247
1.969,0.033,-0.278,-0.173,-0.015,0.008,-0.002,0.038,0.051,-0.221
1.969,0.033,-0.278,-0.173,-0.015,0.008,-0.002,0.048,0.042,-0.244
1.984,0.033,-0.277,-0.173,-0.016,0.008,-0.002,-0.002,0.036,-0.274
2.000,0.033,-0.277,-0.173,-0.016,0.008,-0.002,0.019,0.049,-0.229
2.000,0.033,-0.277,-0.173,-0.017,0.009,-0.002,-0.002,0.001,-0.232
2.016,0.032,-0.277,-0.173,-0.017,0.009,-0.002,0.024,0.011,-0.226
2.031,0.032,-0.277,-0.173,-0.018,0.009,-0.002,0.022,0.020,-0.235
2.047,0.032,-0.277,-0.173,-0.018,0.009,-0.002,0.027,-0.022,-0.259
2.047,0.032,-0.277,-0.173,-0.019,0.010,-0.002,0.030,0.000,-0.218
2.062,0.032,-0.277,-0.173,-0.019,0.010,-0.002,0.016,0.019,-0.232
2.078,0.031,-0.277,-0.173,-0.020,0.010,-0.002,0.032,0.027,-0.209
2.078,0.031,-0.277,-0.173,-0.020,0.010,-0.003,0.023,0.039,-0.197
2.094,0.031,-0.276,-0.173,-0.020,0.011,-0.003,0.006,0.001,-0.265
2.109,0.031,-0.276,-0.173,-0.021,0.011,-0.003,0.001,0.031,-0.194
2.109,0.030,-0.276,-0.173,-0.021,0.011,-0.003,-0.010,-0.003,-0.268
2.125,0.030,-0.276,-0.173,-0.022,0.011,-0.003,0.019,0.037,-0.259
2.141,0.030,-0.276,-0.173,-0.022,0.012,-0.003,0.037,-0.003,-0.221
2.156,0.030,-0.276,-0.173,-0.023,0.012,-0.003,0.047,-0.001,-0.215
2.156,0.030,-0.276,-0.173,-0.023,0.012,-0.003,0.045,0.024,-0.280
2.172,0.029,-0.276,-0.173,-0.024,0.012,-0.003,0.007,0.024,-0.238
2.187,0.029,-0.275,-0.173,-0.024,0.013,-0.003,-0.001,0.020,-0.185
2.187,0.029,-0.275,-0.173,-0.025,0.013,-0.003,0.011,-0.018,-0.280
2.203,0.028,-0.275,-0.174,-0.025,0.013,-0.003,0.012,0.029,-0.295
2.219,0.028,-0.275,-0.174,-0.026,0.013,-0.003,0.032,0.038,-0.212
2.219,0.028,-0.275,-0.174,-0.026,0.014,-0.003,0.013,-0.026,-0.277
2.234,0.028,-0.275,-0.174,-0.026,0.014,-0.003,0.006,0.028,-0.229
2.250,0.027,-0.275,-0.174,-0.027,0.014,-0.003,0.017,0.062,-0.226
2.250,0.027,-0.274,-0.174,-0.027,0.014,-0.003,0.000,0.000,-0.283
2.266,0.027,-0.274,-0.174,-0.028,0.015,-0.004,0.033,0.007,-0.215
2.281,0.026,-0.274,-0.174,-0.028,0.015,-0.004,-0.003,0.005,-0.188
2.297,0.026,-0.274,-0.174,-0.029,0.015,-0.004,-0.010,0.037,-0.212
2.297,0.026,-0.274,-0.174,-0.029,0.015,-0.004,0.020,0.033,-0.238
2.312,0.025,-0.274,-0.174,-0.030,0.015,-0.004,0.035,0.033,-0.212
2.328,0.025,-0.273,-0.174,-0.030,0.016,-0.004,0.022,0.020,-0.268
2.328,0.025,-0.273,-0.174,-0.031,0.016,-0.004,0.003,0.030,-0.244
2.344,0.024,-0.273,-0.174,-0.031,0.016,-0.004,0.024,0.035,-0.215
2.359,0.024,-0.273,-0.174,-0.032,0.016,-0.004,0.003,0.030,-0.235
2.375,0.024,-0.273,-0.174,-0.032,0.017,-0.004,0.047,0.034,-0.221
2.375,0.023,-0.272,-0.174,-0.033,0.017,-0.004,0.021,-0.027,-0.274
2.391,0.023,-0.272,-0.174,-0.033,0.017,-0.004,0.025,-0.025,-0.241
2.406,0.023,-0.272,-0.174,-0.033,0.017,-0.004,-0.002,-0.003,-0.229
2.406,0.022,-0.272,-0.174,-0.034,0.018,-0.004,0.007,-0.004,-0.286
2.422,0.022,-0.272,-0.174,-0.034,0.018,-0.004,-0.009,0.052,-0.229
2.437,0.021,-0.271,-0.174,-0.035,0.018,-0.004,0.025,0.065,-0.194
2.453,0.021,-0.271,-0.174,-0.035,0.018,-0.005,0.033,0.058,-0.232
2.453,0.021,-0.271,-0.174,-0.036,0.019,-0.005,0.008,-0.036,-0.259
2.469,0.020,-0.271,-0.175,-0.036,0.019,-0.005,-0.002,-0.015,-0.203
2.484,0.020,-0.271,-0.175,-0.037,0.019,-0.005,0.048,0.065,-0.221
2.484,0.020,-0.270,-0.175,-0.037,0.019,-0.005,-0.022,0.003,-0.179
2.500,0.019,-0.270,-0.175,-0.038,0.020,-0.005,0.039,0.019,-0.182
2.516,0.019,-0.270,-0.175,-0.038,0.020,-0.005,0.012,0.017,-0.232
2.516,0.018,-0.270,-0.175,-0.039,0.020,-0.005,0.010,-0.013,-0.289
2.531,0.018,-0.270,-0.175,-0.039,0.020,-0.005,0.007,0.031,-0.238
2.547,0.017,-0.269,-0.175,-0.039,0.021,-0.005,0.029,0.028,-0.250
2.562,0.017,-0.269,-0.175,-0.040,0.021,-0.005,-0.011,0.029,-0.286
2.562,0.017,-0.269,-0.175,-0.040,0.021,-0.005,0.050,0.056,-0.226
2.578,0.016,-0.269,-0.175,-0.041,0.021,-0.005,-0.003,0.033,-0.274
2.594,0.016,-0.268,-0.175,-0.041,0.021,-0.005,0.030,0.051,-0.229
2.594,0.015,-0.268,-0.175,-0.042,0.022,-0.005,0.014,0.020,-0.238
2.609,0.015,-0.268,-0.175,-0.042,0.022,-0.005,0.070,0.015,-0.241
2.625,0.014,-0.268,-0.175,-0.043,0.022,-0.006,0.040,0.026,-0.238
2.625,0.014,-0.268,-0.175,-0.043,0.022,-0.006,0.018,-0.017,-0.292
2.641,0.013,-0.267,-0.175,-0.044,0.023,-0.006,0.015,-0.027,-0.265
2.656,0.013,-0.267,-0.176,-0.044,0.023,-0.006,0.010,0.042,-0.203
2.672,0.012,-0.267,-0.176,-0.045,0.023,-0.006,0.075,0.059,-0.286
2.672,0.012,-0.267,-0.176,-0.045,0.023,-0.006,0.050,0.068,-0.232
2.687,0.011,-0.266,-0.176,-0.045,0.024,-0.006,-0.018,-0.006,-0.194
2.703,0.011,-0.266,-0.176,-0.046,0.024,-0.006,0.045,0.071,-0.206
2.703,0.010,-0.266,-0.176,-0.046,0.024,-0.006,-0.060,-0.047,-0.259
2.719,0.010,-0.265,-0.176,-0.047,0.024,-0.006,0.020,0.021,-0.289
2.734,0.009,-0.265,-0.176,-0.047,0.025,-0.006,0.046,-0.024,-0.268
2.734,0.009,-0.265,-0.176,-0.048,0.025,-0.006,0.075,0.134,-0.265
2.750,0.008,-0.265,-0.176,-0.048,0.025,-0.006,-0.003,-0.046,-0.271
2.766,0.008,-0.264,-0.176,-0.049,0.025,-0.006,0.032,0.038,-0.200
2.781,0.007,-0.264,-0.176,-0.049,0.026,-0.006,0.094,-0.006,-0.176
2.781,0.007,-0.264,-0.176,-0.049,0.026,-0.006,0.035,0.096,-0.015
2.797,0.006,-0.264,-0.176,-0.049,0.026,-0.005,-0.074,0.097,-0.086
2.812,0.006,-0.263,-0.176,-0.049,0.026,-0.005,-0.045,0.078,-0.244
2.812,0.005,-0.263,-0.176,-0.050,0.026,-0.005,0.146,-0.009,-0.119
2.828,0.004,-0.263,-0.177,-0.050,0.026,-0.005,0.048,0.065,-0.069
2.844,0.004,-0.262,-0.177,-0.050,0.026,-0.004,0.268,-0.045,-0.241
2.859,0.003,-0.262,-0.177,-0.050,0.026,-0.004,0.157,0.001,-0.143
2.859,0.003,-0.262,-0.177,-0.050,0.026,-0.003,0.038,0.051,-0.077
2.875,0.002,-0.261,-0.177,-0.049,0.026,-0.003,0.253,0.010,-0.060
2.891,0.002,-0.261,-0.177,-0.049,0.026,-0.003,0.339,-0.038,-0.179
2.891,0.001,-0.261,-0.177,-0.049,0.025,-0.002,0.446,-0.082,-0.116
2.906,0.001,-0.261,-0.177,-0.049,0.025,-0.002,0.227,0.024,-0.203
2.922,0.000,-0.260,-0.177,-0.049,0.025,-0.001,0.191,0.027,-0.170
2.922,-0.000,-0.260,-0.177,-0.048,0.025,-0.001,0.319,0.058,-0.072
2.937,-0.001,-0.260,-0.177,-0.048,0.025,-0.000,0.276,0.049,-0.137
2.953,-0.001,-0.260,-0.177,-0.048,0.025,0.000,0.285,-0.065,0.072
2.969,-0.002,-0.259,-0.177,-0.047,0.025,0.001,0.228,-0.043,0.036
2.969,-0.002,-0.259,-0.177,-0.047,0.024,0.002,0.422,-0.047,-0.048
2.984,-0.003,-0.259,-0.177,-0.046,0.024,0.002,0.443,-0.077,0.024
3.000,-0.003,-0.258,-0.177,-0.046,0.024,0.003,0.292,0.041,0.051
3.000,-0.004,-0.258,-0.177,-0.045,0.024,0.003,0.070,0.027,-0.033
3.016,-0.004,-0.258,-0.177,-0.045,0.023,0.004,0.240,0.048,-0.006
3.031,-0.005,-0.258,-0.177,-0.045,0.023,0.004,0.429,-0.093,-0.128
3.031,-0.005,-0.257,-0.177,-0.044,0.023,0.004,0.370,-0.042,-0.054
3.047,-0.006,-0.257,-0.177,-0.044,0.023,0.005,0.103,0.103,-0.003
3.062,-0.006,-0.257,-0.176,-0.044,0.023,0.005,0.270,-0.042,-0.063
3.062,-0.007,-0.257,-0.176,-0.043,0.022,0.005,0.485,-0.122,-0.224
3.078,-0.007,-0.256,-0.176,-0.043,0.022,0.006,0.469,-0.176,-0.039
3.094,-0.008,-0.256,-0.176,-0.042,0.022,0.006,0.268,0.085,-0.083
3.109,-0.008,-0.256,-0.176,-0.042,0.022,0.006,0.372,0.007,-0.170
3.109,-0.009,-0.256,-0.176,-0.042,0.022,0.007,0.350,-0.052,-0.104
3.125,-0.009,-0.256,-0.176,-0.041,0.021,0.007,0.315,-0.092,-0.113
3.141,-0.010,-0.255,-0.176,-0.041,0.021,0.007,0.343,-0.032,-0.077
3.141,-0.010,-0.255,-0.176,-0.040,0.021,0.007,0.314,-0.002,-0.057
3.156,-0.011,-0.255,-0.176,-0.040,0.021,0.008,0.414,0.021,-0.095
3.172,-0.011,-0.255,-0.176,-0.040,0.021,0.008,0.253,0.010,-0.152
3.187,-0.011,-0.254,-0.176,-0.039,0.021,0.008,0.231,0.025,-0.122
3.187,-0.012,-0.254,-0.176,-0.039,0.020,0.008,0.283,0.034,-0.098
3.203,-0.012,-0.254,-0.176,-0.039,0.020,0.008,0.354,-0.022,-0.060
3.219,-0.013,-0.254,-0.175,-0.039,0.020,0.009,0.329,-0.013,-0.116
3.219,-0.013,-0.254,-0.175,-0.038,0.020,0.009,0.300,-0.001,0.024
3.234,-0.013,-0.253,-0.175,-0.038,0.020,0.009,0.318,0.000,-0.074
3.250,-0.014,-0.253,-0.175,-0.038,0.020,0.009,0.293,0.013,-0.030
3.250,-0.014,-0.253,-0.175,-0.037,0.019,0.010,0.305,-0.009,-0.125
3.266,-0.015,-0.253,-0.175,-0.037,0.019,0.010,0.345,-0.022,-0.131
3.281,-0.015,-0.252,-0.175,-0.037,0.019,0.010,0.257,0.036,-0.060
3.297,-0.015,-0.252,-0.175,-0.037,0.019,0.010,0.303,-0.012,-0.107
3.297,-0.016,-0.252,-0.175,-0.036,0.019,0.010,0.288,0.004,-0.110
3.312,-0.016,-0.252,-0.174,-0.036,0.019,0.010,0.291,-0.002,-0.119
3.328,-0.017,-0.252,-0.174,-0.036,0.019,0.010,0.321,0.057,-0.155
3.328,-0.017,-0.251,-0.174,-0.036,0.019,0.010,0.274,0.023,-0.203
3.344,-0.017,-0.251,-0.174,-0.036,0.019,0.010,0.220,0.078,-0.182
3.359,-0.018,-0.251,-0.174,-0.036,0.019,0.010,0.225,-0.003,-0.206
3.359,-0.018,-0.251,-0.174,-0.035,0.018,0.011,0.251,-0.004,-0.137
3.375,-0.019,-0.251,-0.174,-0.035,0.018,0.011,0.268,0.057,-0.104
3.391,-0.019,-0.250,-0.174,-0.035,0.018,0.011,0.138,0.038,-0.054
3.406,-0.019,-0.250,-0.174,-0.035,0.018,0.011,0.148,0.066,-0.110
3.406,-0.020,-0.250,-0.173,-0.035,0.018,0.011,0.152,0.082,-0.131
3.422,-0.020,-0.250,-0.173,-0.035,0.018,0.011,0.300,0.068,-0.110
3.437,-0.021,-0.250,-0.173,-0.035,0.018,0.011,0.202,0.083,-0.161
3.437,-0.021,-0.249,-0.173,-0.035,0.018,0.011,0.231,0.100,-0.125
3.453,-0.021,-0.249,-0.173,-0.034,0.018,0.011,0.280,0.063,-0.113
3.469,-0.022,-0.249,-0.173,-0.034,0.018,0.011,0.217,0.095,-0.146
3.469,-0.022,-0.249,-0.173,-0.034,0.018,0.011,0.128,0.169,-0.119
3.484,-0.022,-0.249,-0.173,-0.035,0.018,0.011,0.140,0.139,-0.155
3.500,-0.023,-0.248,-0.172,-0.035,0.018,0.011,0.303,0.067,-0.224
3.516,-0.023,-0.248,-0.172,-0.035,0.018,0.011,0.240,0.083,-0.152
3.516,-0.024,-0.248,-0.172,-0.035,0.018,0.011,0.239,0.131,-0.200
3.531,-0.024,-0.248,-0.172,-0.035,0.018,0.011,0.151,0.098,-0.215
3.547,-0.024,-0.248,-0.172,-0.035,0.018,0.010,0.215,0.069,-0.209
3.547,-0.025,-0.247,-0.172,-0.035,0.018,0.010,0.167,0.106,-0.098
3.562,-0.025,-0.247,-0.172,-0.035,0.018,0.010,0.179,0.072,-0.164
3.578,-0.025,-0.247,-0.172,-0.036,0.019,0.010,0.159,0.074,-0.170
3.578,-0.026,-0.247,-0.172,-0.036,0.019,0.010,0.139,0.116,-0.122
3.594,-0.026,-0.247,-0.171,-0.036,0.019,0.010,0.154,0.104,-0.191
3.609,-0.027,-0.246,-0.171,-0.036,0.019,0.010,0.142,0.166,-0.215
3.609,-0.027,-0.246,-0.171,-0.036,0.019,0.010,0.143,0.083,-0.185
3.625,-0.027,-0.246,-0.171,-0.037,0.019,0.010,0.178,0.041,-0.253
3.641,-0.028,-0.246,-0.171,-0.037,0.019,0.009,0.161,0.054,-0.247
3.656,-0.028,-0.246,-0.171,-0.037,0.019,0.009,0.096,0.111,-0.238
3.656,-0.029,-0.245,-0.171,-0.037,0.020,0.009,0.157,0.162,-0.200
3.672,-0.029,-0.245,-0.171,-0.038,0.020,0.009,0.165,0.130,-0.203
3.687,-0.030,-0.245,-0.171,-0.038,0.020,0.009,0.149,0.146,-0.179
3.687,-0.030,-0.245,-0.171,-0.038,0.020,0.008,0.171,0.115,-0.232
3.703,-0.030,-0.245,-0.170,-0.039,0.020,0.008,0.164,0.119,-0.289
3.719,-0.031,-0.244,-0.170,-0.039,0.020,0.008,0.117,0.124,-0.194
3.719,-0.031,-0.244,-0.170,-0.039,0.020,0.008,0.083,0.059,-0.295
3.734,-0.032,-0.244,-0.170,-0.040,0.021,0.008,0.131,0.100,-0.232
3.750,-0.032,-0.244,-0.170,-0.040,0.021,0.008,0.032,0.085,-0.238
3.766,-0.032,-0.243,-0.170,-0.040,0.021,0.008,0.041,0.085,-0.191
3.766,-0.033,-0.243,-0.170,-0.041,0.021,0.007,0.091,0.102,-0.194
3.781,-0.033,-0.243,-0.170,-0.041,0.021,0.007,0.085,0.085,-0.185
3.797,-0.034,-0.243,-0.170,-0.041,0.022,0.007,0.011,0.033,-0.313
3.797,-0.034,-0.242,-0.170,-0.042,0.022,0.007,0.009,0.070,-0.265
3.812,-0.035,-0.242,-0.170,-0.042,0.022,0.006,0.046,0.031,-0.316
3.828,-0.035,-0.242,-0.170,-0.043,0.022,0.006,0.033,-0.021,-0.194
3.828,-0.036,-0.242,-0.169,-0.043,0.023,0.006,0.080,0.041,-0.218
3.844,-0.036,-0.241,-0.169,-0.044,0.023,0.005,0.027,0.013,-0.313
3.859,-0.037,-0.241,-0.169,-0.044,0.023,0.005,0.013,-0.015,-0.238
3.875,-0.037,-0.241,-0.169,-0.045,0.023,0.005,0.012,0.041,-0.262
3.875,-0.038,-0.241,-0.169,-0.045,0.024,0.005,-0.019,-0.049,-0.241
3.891,-0.038,-0.240,-0.169,-0.046,0.024,0.004,0.034,-0.002,-0.313
3.906,-0.039,-0.240,-0.169,-0.046,0.024,0.004,0.020,0.056,-0.256
3.906,-0.039,-0.240,-0.169,-0.046,0.024,0.004,-0.007,0.015,-0.268
3.922,-0.040,-0.240,-0.169,-0.047,0.024,0.004,0.020,0.033,-0.286
3.937,-0.040,-0.239,-0.169,-0.047,0.025,0.004,0.022,0.008,-0.253
3.953,-0.041,-0.239,-0.169,-0.048,0.025,0.003,0.020,0.009,-0.209
3.953,-0.041,-0.239,-0.169,-0.048,0.025,0.003,-0.005,0.007,-0.274
3.969,-0.042,-0.239,-0.169,-0.049,0.025,0.003,0.028,0.037,-0.224
3.984,-0.042,-0.238,-0.169,-0.049,0.026,0.003,0.012,0.029,-0.274
3.984,-0.043,-0.238,-0.169,-0.050,0.026,0.002,0.038,0.063,-0.200
4.000,-0.043,-0.238,-0.169,-0.050,0.026,0.002,0.034,0.014,-0.283
4.016,-0.044,-0.237,-0.169,-0.051,0.026,0.002,-0.026,0.041,-0.331
4.016,-0.045,-0.237,-0.169,-0.051,0.027,0.002,-0.022,0.066,-0.140
4.031,-0.045,-0.237,-0.169,-0.052,0.027,0.002,-0.016,0.004,-0.286
4.047,-0.046,-0.237,-0.169,-0.052,0.027,0.001,0.033,0.046,-0.286
4.062,-0.046,-0.236,-0.169,-0.052,0.027,0.001,0.038,-0.035,-0.241
4.062,-0.047,-0.236,-0.169,-0.053,0.028,0.001,-0.034,-0.014,-0.218
4.078,-0.047,-0.236,-0.169,-0.053,0.028,0.001,0.015,0.102,-0.241
4.094,-0.048,-0.235,-0.169,-0.054,0.028,0.001,0.032,0.027,-0.280
4.094,-0.049,-0.235,-0.169,-0.054,0.028,0.000,-0.013,0.015,-0.286
4.109,-0.049,-0.235,-0.169,-0.055,0.028,0.000,0.045,-0.055,-0.265
4.125,-0.050,-0.234,-0.169,-0.055,0.029,0.000,-0.037,0.003,-0.256
4.125,-0.050,-0.234,-0.169,-0.056,0.029,-0.000,-0.013,0.026,-0.206
4.141,-0.051,-0.234,-0.169,-0.056,0.029,-0.000,0.047,0.023,-0.262
4.156,-0.052,-0.233,-0.169,-0.057,0.029,-0.001,0.110,-0.021,-0.224
4.172,-0.052,-0.233,-0.169,-0.057,0.030,-0.001,-0.032,0.013,-0.253
4.172,-0.053,-0.233,-0.169,-0.057,0.030,-0.001,0.034,0.002,-0.286
4.187,-0.053,-0.233,-0.169,-0.058,0.030,-0.001,0.013,0.122,-0.271
4.203,-0.054,-0.232,-0.169,-0.058,0.030,-0.001,0.014,0.083,-0.250
4.203,-0.055,-0.232,-0.169,-0.059,0.031,-0.001,-0.000,0.039,-0.143
4.219,-0.055,-0.232,-0.169,-0.059,0.031,-0.001,0.101,-0.009,-0.229
4.234,-0.056,-0.231,-0.169,-0.060,0.031,-0.001,0.035,0.029,-0.206
4.234,-0.057,-0.231,-0.169,-0.060,0.031,-0.002,-0.008,0.087,-0.280
4.250,-0.057,-0.230,-0.169,-0.061,0.032,-0.002,0.048,0.030,-0.310
4.266,-0.058,-0.230,-0.169,-0.061,0.032,-0.002,0.039,-0.004,-0.170
4.281,-0.059,-0.230,-0.169,-0.062,0.032,-0.002,0.015,0.035,-0.235
4.281,-0.059,-0.229,-0.169,-0.062,0.032,-0.002,0.004,-0.014,-0.134
4.297,-0.060,-0.229,-0.169,-0.062,0.033,-0.002,-0.063,0.060,-0.259
4.312,-0.061,-0.229,-0.169,-0.063,0.033,-0.002,-0.016,0.004,-0.280
4.312,-0.061,-0.228,-0.169,-0.063,0.033,-0.003,0.135,-0.007,-0.197
4.328,-0.062,-0.228,-0.169,-0.064,0.033,-0.003,0.016,-0.020,-0.271
4.344,-0.063,-0.228,-0.169,-0.064,0.034,-0.003,0.008,0.055,-0.203
4.344,-0.063,-0.227,-0.169,-0.065,0.034,-0.003,-0.029,0.046,-0.224
4.359,-0.064,-0.227,-0.169,-0.065,0.034,-0.003,0.008,0.015,-0.232
4.375,-0.065,-0.227,-0.169,-0.066,0.034,-0.003,-0.009,0.063,-0.250
4.391,-0.066,-0.226,-0.169,-0.066,0.034,-0.003,0.028,-0.003,-0.182
4.391,-0.066,-0.226,-0.169,-0.067,0.035,-0.003,0.060,-0.055,-0.185
4.406,-0.067,-0.225,-0.169,-0.067,0.035,-0.003,0.032,0.050,-0.280
4.422,-0.068,-0.225,-0.169,-0.068,0.035,-0.003,-0.049,-0.010,-0.238
4.422,-0.069,-0.225,-0.169,-0.068,0.035,-0.004,0.101,0.042,-0.358
4.437,-0.069,-0.224,-0.169,-0.068,0.036,-0.004,0.032,-0.029,-0.283
4.453,-0.070,-0.224,-0.169,-0.069,0.036,-0.004,0.021,0.001,-0.194
4.453,-0.071,-0.223,-0.169,-0.069,0.036,-0.004,0.022,0.036,-0.173
4.469,-0.072,-0.223,-0.169,-0.070,0.036,-0.004,-0.059,0.023,-0.206
4.484,-0.072,-0.223,-0.170,-0.070,0.037,-0.004,-0.080,0.045,-0.206
4.484,-0.073,-0.222,-0.170,-0.071,0.037,-0.004,0.094,0.069,-0.331
4.500,-0.074,-0.222,-0.170,-0.071,0.037,-0.004,0.054,0.082,-0.307
4.516,-0.075,-0.221,-0.170,-0.072,0.037,-0.004,0.020,0.033,-0.256
4.531,-0.075,-0.221,-0.170,-0.072,0.038,-0.005,0.104,0.099,-0.200
4.531,-0.076,-0.221,-0.170,-0.073,0.038,-0.005,0.079,-0.018,-0.206
4.547,-0.077,-0.220,-0.170,-0.073,0.038,-0.005,0.018,-0.045,-0.203
4.562,-0.078,-0.220,-0.170,-0.074,0.038,-0.005,-0.022,0.078,-0.185
4.562,-0.079,-0.219,-0.170,-0.074,0.038,-0.005,0.048,0.018,-0.226
4.578,-0.079,-0.219,-0.170,-0.074,0.039,-0.005,0.172,-0.015,-0.155
4.594,-0.080,-0.219,-0.170,-0.075,0.039,-0.005,0.074,0.040,-0.203
4.594,-0.081,-0.218,-0.170,-0.075,0.039,-0.005,0.019,0.065,-0.188
4.609,-0.082,-0.218,-0.170,-0.076,0.039,-0.005,-0.061,-0.039,-0.143
4.625,-0.083,-0.217,-0.170,-0.076,0.040,-0.005,0.033,0.042,-0.140
4.641,-0.084,-0.217,-0.170,-0.077,0.040,-0.005,0.026,-0.013,-0.203
4.641,-0.084,-0.216,-0.170,-0.077,0.040,-0.006,0.087,-0.014,-0.176
4.656,-0.085,-0.216,-0.170,-0.078,0.040,-0.006,0.027,-0.010,-0.158
4.672,-0.086,-0.215,-0.170,-0.078,0.041,-0.006,0.106,0.074,-0.170
4.672,-0.087,-0.215,-0.171,-0.079,0.041,-0.006,0.077,0.007,-0.146
4.687,-0.088,-0.215,-0.171,-0.079,0.041,-0.006,0.066,0.048,-0.218
4.703,-0.089,-0.214,-0.171,-0.079,0.041,-0.006,-0.018,0.119,-0.289
4.703,-0.089,-0.214,-0.171,-0.080,0.042,-0.006,-0.016,0.059,-0.262
4.719,-0.090,-0.213,-0.171,-0.080,0.042,-0.006,0.032,0.050,-0.277
4.734,-0.091,-0.213,-0.171,-0.081,0.042,-0.006,-0.007,0.031,-0.226
4.750,-0.092,-0.212,-0.171,-0.081,0.042,-0.006,0.073,-0.046,-0.131
4.750,-0.093,-0.212,-0.171,-0.082,0.043,-0.007,0.047,0.034,-0.143
4.766,-0.094,-0.211,-0.171,-0.082,0.043,-0.007,0.036,0.150,-0.286
4.781,-0.095,-0.211,-0.171,-0.083,0.043,-0.007,-0.015,0.027,-0.343
4.781,-0.096,-0.210,-0.171,-0.083,0.043,-0.007,0.092,0.023,-0.298
4.797,-0.097,-0.210,-0.171,-0.084,0.044,-0.007,0.055,0.010,-0.083
4.812,-0.098,-0.210,-0.171,-0.084,0.044,-0.007,0.002,-0.060,-0.137
4.828,-0.099,-0.209,-0.171,-0.085,0.044,-0.007,-0.002,-0.003,-0.358
4.828,-0.099,-0.209,-0.171,-0.085,0.044,-0.007,-0.012,0.124,-0.280
4.844,-0.100,-0.208,-0.172,-0.086,0.045,-0.007,0.031,0.008,-0.146
4.859,-0.101,-0.208,-0.172,-0.086,0.045,-0.007,0.050,-0.030,-0.322
4.859,-0.102,-0.207,-0.172,-0.086,0.045,-0.007,0.086,-0.033,-0.313
4.875,-0.103,-0.207,-0.172,-0.087,0.045,-0.007,0.091,0.003,-0.265
4.891,-0.104,-0.206,-0.172,-0.087,0.045,-0.007,-0.095,0.061,-0.235
4.891,-0.105,-0.206,-0.172,-0.088,0.046,-0.008,-0.134,0.089,-0.179
4.906,-0.106,-0.205,-0.172,-0.088,0.046,-0.008,0.094,0.050,-0.140
4.922,-0.107,-0.205,-0.172,-0.089,0.046,-0.008,0.011,0.010,-0.340
4.937,-0.108,-0.204,-0.172,-0.089,0.046,-0.008,0.134,0.072,-0.200
4.937,-0.109,-0.203,-0.172,-0.090,0.047,-0.008,-0.081,0.026,-0.161
4.953,-0.110,-0.203,-0.172,-0.089,0.047,-0.008,0.035,-0.030,-0.292
4.969,-0.111,-0.202,-0.173,-0.088,0.046,-0.008,-0.068,-0.024,-0.224
4.969,-0.112,-0.202,-0.173,-0.088,0.046,-0.008,-0.004,0.021,-0.277
4.984,-0.113,-0.201,-0.173,-0.087,0.046,-0.008,0.090,0.094,-0.238
5.000,-0.114,-0.201,-0.173,-0.086,0.046,-0.008,-0.020,0.046,-0.155
5.016,-0.115,-0.200,-0.173,-0.086,0.045,-0.008,0.030,0.075,-0.307
5.016,-0.116,-0.200,-0.173,-0.085,0.045,-0.008,-0.013,-0.009,-0.182
5.031,-0.117,-0.199,-0.173,-0.084,0.045,-0.008,0.023,-0.008,-0.286
5.047,-0.118,-0.199,-0.173,-0.084,0.044,-0.009,0.023,-0.008,-0.218
5.047,-0.119,-0.199,-0.173,-0.083,0.044,-0.009,0.007,0.098,-0.286
5.062,-0.119,-0.198,-0.173,-0.082,0.044,-0.009,0.029,-0.003,-0.224
5.078,-0.120,-0.198,-0.173,-0.081,0.044,-0.009,0.051,-0.015,-0.176
5.078,-0.121,-0.197,-0.174,-0.081,0.043,-0.009,0.068,-0.039,-0.229
5.094,-0.122,-0.197,-0.174,-0.080,0.043,-0.009,0.048,0.081,-0.283
5.109,-0.123,-0.196,-0.174,-0.079,0.043,-0.009,-0.066,0.050,-0.319
5.109,-0.124,-0.196,-0.174,-0.079,0.043,-0.009,-0.020,0.046,-0.322
5.125,-0.125,-0.195,-0.174,-0.078,0.042,-0.009,0.019,-0.014,-0.250
5.141,-0.126,-0.195,-0.174,-0.077,0.042,-0.009,0.019,-0.014,-0.280
5.156,-0.126,-0.194,-0.174,-0.077,0.042,-0.009,-0.034,0.037,-0.197
5.156,-0.127,-0.194,-0.174,-0.076,0.042,-0.009,0.012,0.041,-0.215
5.172,-0.128,-0.193,-0.174,-0.075,0.041,-0.009,0.024,0.035,-0.188
5.187,-0.129,-0.193,-0.174,-0.075,0.041,-0.009,0.024,0.011,-0.182
5.187,-0.130,-0.192,-0.175,-0.074,0.041,-0.009,0.008,-0.012,-0.107
5.203,-0.131,-0.192,-0.175,-0.073,0.041,-0.010,-0.105,0.058,-0.122
5.219,-0.131,-0.192,-0.175,-0.073,0.040,-0.010,0.036,0.103,-0.101
5.219,-0.132,-0.191,-0.175,-0.072,0.040,-0.010,0.101,-0.044,-0.218
5.234,-0.133,-0.191,-0.175,-0.071,0.040,-0.010,0.074,-0.034,-0.209
5.250,-0.134,-0.190,-0.175,-0.070,0.040,-0.010,0.078,-0.032,-0.140
5.266,-0.134,-0.190,-0.175,-0.070,0.039,-0.010,-0.038,0.102,-0.051
5.266,-0.135,-0.189,-0.175,-0.069,0.039,-0.010,-0.029,0.074,-0.119
5.281,-0.136,-0.189,-0.175,-0.068,0.039,-0.010,0.032,0.027,-0.331
5.297,-0.137,-0.189,-0.175,-0.068,0.038,-0.010,-0.002,0.025,-0.370
5.297,-0.137,-0.188,-0.176,-0.067,0.038,-0.010,-0.006,0.062,-0.226
5.312,-0.138,-0.188,-0.176,-0.066,0.038,-0.010,0.054,0.007,-0.337
5.328,-0.139,-0.187,-0.176,-0.066,0.038,-0.010,0.117,-0.013,-0.164
5.344,-0.140,-0.187,-0.176,-0.065,0.037,-0.010,0.046,0.039,-0.209
5.344,-0.140,-0.186,-0.176,-0.064,0.037,-0.010,0.022,0.008,-0.226
5.359,-0.141,-0.186,-0.176,-0.064,0.037,-0.010,0.027,0.053,-0.352
5.375,-0.142,-0.186,-0.176,-0.063,0.037,-0.010,0.002,0.026,-0.304
5.375,-0.142,-0.185,-0.176,-0.062,0.036,-0.010,-0.063,0.099,-0.152
5.391,-0.143,-0.185,-0.176,-0.062,0.036,-0.010,-0.030,0.051,-0.197
5.406,-0.144,-0.184,-0.177,-0.061,0.036,-0.010,0.034,0.014,-0.232
5.406,-0.144,-0.184,-0.177,-0.060,0.035,-0.010,0.030,0.051,-0.188
5.422,-0.145,-0.184,-0.177,-0.059,0.035,-0.010,-0.025,0.037,-0.304
5.437,-0.146,-0.183,-0.177,-0.059,0.035,-0.010,0.027,-0.033,-0.235
5.453,-0.146,-0.183,-0.177,-0.058,0.035,-0.010,-0.064,0.053,-0.188
5.453,-0.147,-0.183,-0.177,-0.057,0.034,-0.010,0.034,0.072,-0.244
5.469,-0.148,-0.182,-0.177,-0.057,0.034,-0.010,0.068,-0.016,-0.280
5.484,-0.148,-0.182,-0.177,-0.056,0.034,-0.010,-0.043,0.026,-0.286
5.484,-0.149,-0.181,-0.178,-0.056,0.033,-0.010,-0.039,-0.047,-0.221
5.500,-0.150,-0.181,-0.178,-0.055,0.033,-0.011,-0.045,0.078,-0.238
5.516,-0.150,-0.181,-0.178,-0.054,0.033,-0.011,0.045,0.008,-0.206
5.516,-0.151,-0.180,-0.178,-0.054,0.033,-0.011,-0.001,-0.007,-0.250
5.531,-0.151,-0.180,-0.178,-0.053,0.032,-0.011,-0.000,-0.098,-0.128
5.547,-0.152,-0.180,-0.178,-0.052,0.032,-0.011,-0.092,-0.105,-0.295
5.547,-0.152,-0.179,-0.178,-0.052,0.031,-0.011,0.072,0.123,-0.167
5.562,-0.153,-0.179,-0.178,-0.051,0.031,-0.011,0.099,0.101,-0.295
5.578,-0.153,-0.179,-0.178,-0.050,0.031,-0.011,0.016,0.066,-0.212
5.594,-0.154,-0.178,-0.179,-0.050,0.031,-0.011,0.029,-0.011,-0.212
5.594,-0.155,-0.178,-0.179,-0.049,0.031,-0.011,0.022,0.059,-0.304
5.609,-0.155,-0.178,-0.179,-0.048,0.030,-0.011,0.032,0.101,-0.203
5.625,-0.156,-0.177,-0.179,-0.048,0.030,-0.011,0.008,-0.047,-0.226
5.625,-0.156,-0.177,-0.179,-0.047,0.029,-0.011,-0.044,-0.052,-0.262
5.641,-0.157,-0.177,-0.179,-0.046,0.029,-0.011,-0.003,0.052,-0.232
5.656,-0.157,-0.176,-0.179,-0.046,0.029,-0.011,0.068,0.075,-0.221
5.672,-0.158,-0.176,-0.179,-0.045,0.029,-0.011,0.038,0.098,-0.265
5.672,-0.158,-0.176,-0.179,-0.044,0.029,-0.011,-0.006,0.069,-0.161
5.687,-0.159,-0.175,-0.180,-0.044,0.028,-0.011,0.040,0.026,-0.215
5.703,-0.159,-0.175,-0.180,-0.043,0.028,-0.011,0.029,0.028,-0.289
5.703,-0.160,-0.175,-0.180,-0.042,0.028,-0.010,0.019,-0.010,-0.235
5.719,-0.160,-0.174,-0.180,-0.042,0.027,-0.011,-0.050,-0.017,-0.226
5.734,-0.161,-0.174,-0.180,-0.041,0.027,-0.011,-0.001,0.028,-0.247
5.734,-0.161,-0.174,-0.180,-0.040,0.026,-0.010,0.024,-0.028,-0.229
5.750,-0.161,-0.174,-0.180,-0.040,0.026,-0.010,-0.008,0.071,-0.295
5.766,-0.162,-0.173,-0.180,-0.039,0.026,-0.010,0.029,0.028,-0.224
5.781,-0.162,-0.173,-0.181,-0.038,0.026,-0.010,0.029,0.005,-0.221
5.781,-0.163,-0.173,-0.181,-0.038,0.026,-0.010,0.048,0.089,-0.200
5.797,-0.163,-0.172,-0.181,-0.037,0.025,-0.010,0.038,0.012,-0.209
5.812,-0.163,-0.172,-0.181,-0.036,0.025,-0.010,0.026,0.010,-0.215
5.812,-0.164,-0.172,-0.181,-0.036,0.024,-0.010,0.016,-0.043,-0.164
5.828,-0.164,-0.172,-0.181,-0.035,0.024,-0.010,0.030,0.024,-0.244
5.844,-0.165,-0.171,-0.181,-0.035,0.024,-0.010,0.023,0.039,-0.247
5.844,-0.165,-0.171,-0.181,-0.034,0.024,-0.010,0.038,0.035,-0.224
5.859,-0.165,-0.171,-0.181,-0.033,0.023,-0.010,0.010,0.030,-0.212
5.875,-0.166,-0.171,-0.182,-0.033,0.023,-0.010,0.032,-0.001,-0.209
5.875,-0.166,-0.170,-0.182,-0.032,0.023,-0.010,0.038,0.063,-0.203
5.891,-0.166,-0.170,-0.182,-0.031,0.022,-0.010,0.004,0.025,-0.271
5.906,-0.167,-0.170,-0.182,-0.031,0.022,-0.010,-0.036,0.038,-0.253
5.922,-0.167,-0.170,-0.182,-0.030,0.022,-0.010,0.016,0.003,-0.328
5.922,-0.167,-0.169,-0.182,-0.030,0.021,-0.010,0.010,0.038,-0.256
5.937,-0.168,-0.169,-0.182,-0.029,0.021,-0.010,0.033,0.053,-0.194
5.953,-0.168,-0.169,-0.182,-0.028,0.021,-0.010,0.031,0.020,-0.271
5.953,-0.168,-0.169,-0.182,-0.028,0.020,-0.010,0.052,0.032,-0.265
5.969,-0.169,-0.169,-0.182,-0.027,0.020,-0.010,0.013,0.060,-0.229
5.984,-0.169,-0.168,-0.183,-0.026,0.020,-0.010,-0.009,0.016,-0.286
5.984,-0.169,-0.168,-0.183,-0.026,0.019,-0.010,-0.013,-0.032,-0.224
6.000,-0.169,-0.168,-0.183,-0.025,0.019,-0.009,0.001,-0.032,-0.179
6.016,-0.170,-0.168,-0.183,-0.025,0.019,-0.009,0.046,0.055,-0.253
6.031,-0.170,-0.167,-0.183,-0.024,0.018,-0.009,0.039,0.066,-0.206
6.031,-0.170,-0.167,-0.183,-0.023,0.018,-0.009,0.005,0.044,-0.259
6.047,-0.171,-0.167,-0.183,-0.023,0.018,-0.009,0.049,0.034,-0.229
6.062,-0.171,-0.167,-0.183,-0.022,0.017,-0.009,0.028,0.033,-0.218
6.062,-0.171,-0.167,-0.183,-0.021,0.017,-0.009,0.016,0.064,-0.206
6.078,-0.171,-0.167,-0.184,-0.021,0.017,-0.009,-0.020,-0.033,-0.250
6.094,-0.171,-0.166,-0.184,-0.020,0.016,-0.009,0.010,0.054,-0.265
6.109,-0.172,-0.166,-0.184,-0.020,0.016,-0.009,0.035,0.017,-0.250
6.109,-0.172,-0.166,-0.184,-0.019,0.016,-0.009,0.028,0.072,-0.250
6.125,-0.172,-0.166,-0.184,-0.019,0.015,-0.008,0.047,0.058,-0.286
6.141,-0.172,-0.166,-0.184,-0.018,0.015,-0.008,0.011,0.033,-0.259
6.141,-0.173,-0.165,-0.184,-0.017,0.015,-0.008,0.004,0.025,-0.298
6.156,-0.173,-0.165,-0.184,-0.017,0.014,-0.008,0.008,0.016,-0.241
6.172,-0.173,-0.165,-0.184,-0.016,0.014,-0.008,0.002,0.026,-0.283
6.172,-0.173,-0.165,-0.184,-0.016,0.014,-0.008,0.023,0.028,-0.238
6.187,-0.173,-0.165,-0.184,-0.015,0.013,-0.008,0.007,0.040,-0.262
6.203,-0.173,-0.165,-0.185,-0.015,0.013,-0.008,-0.009,0.040,-0.218
6.219,-0.174,-0.165,-0.185,-0.014,0.013,-0.008,0.047,0.058,-0.238
6.219,-0.174,-0.164,-0.185,-0.013,0.012,-0.007,0.020,0.033,-0.229
6.234,-0.174,-0.164,-0.185,-0.013,0.012,-0.007,-0.002,0.020,-0.259
6.250,-0.174,-0.164,-0.185,-0.012,0.011,-0.007,-0.010,0.021,-0.241
6.250,-0.174,-0.164,-0.185,-0.012,0.011,-0.007,0.004,0.014,-0.250
6.266,-0.174,-0.164,-0.185,-0.011,0.011,-0.007,0.000,0.035,-0.226
6.281,-0.174,-0.164,-0.185,-0.011,0.010,-0.007,0.036,0.025,-0.277
6.281,-0.174,-0.164,-0.185,-0.010,0.010,-0.007,0.025,0.038,-0.215
6.297,-0.175,-0.164,-0.185,-0.010,0.010,-0.006,0.025,0.026,-0.232
6.312,-0.175,-0.164,-0.185,-0.009,0.009,-0.006,-0.011,0.048,-0.229
6.312,-0.175,-0.163,-0.185,-0.009,0.009,-0.006,0.022,0.055,-0.262
6.328,-0.175,-0.163,-0.185,-0.008,0.008,-0.006,0.020,0.021,-0.253
6.344,-0.175,-0.163,-0.185,-0.008,0.008,-0.006,0.025,0.050,-0.277
6.359,-0.175,-0.163,-0.186,-0.007,0.008,-0.005,0.022,0.032,-0.280
6.359,-0.175,-0.163,-0.186,-0.007,0.007,-0.005,0.013,0.044,-0.244
6.375,-0.175,-0.163,-0.186,-0.006,0.007,-0.005,0.016,0.038,-0.247
6.391,-0.175,-0.163,-0.186,-0.006,0.007,-0.005,0.005,0.033,-0.232
6.391,-0.175,-0.163,-0.186,-0.005,0.006,-0.005,0.019,0.014,-0.253
6.406,-0.175,-0.163,-0.186,-0.005,0.006,-0.004,0.007,0.032,-0.221
6.422,-0.175,-0.163,-0.186,-0.004,0.005,-0.004,0.012,0.017,-0.253
6.422,-0.175,-0.163,-0.186,-0.004,0.005,-0.004,-0.009,0.024,-0.226
6.437,-0.175,-0.163,-0.186,-0.003,0.005,-0.004,0.032,0.035,-0.265
6.453,-0.176,-0.163,-0.186,-0.003,0.004,-0.003,0.015,0.047,-0.235
6.469,-0.176,-0.163,-0.186,-0.003,0.004,-0.003,0.012,0.025,-0.238
6.469,-0.176,-0.162,-0.186,-0.002,0.003,-0.003,-0.009,0.047,-0.238
6.484,-0.176,-0.162,-0.186,-0.002,0.003,-0.003,-0.004,0.001,-0.235
6.500,-0.176,-0.162,-0.186,-0.001,0.003,-0.002,0.023,0.039,-0.232
6.500,-0.176,-0.162,-0.186,-0.001,0.002,-0.002,0.009,0.011,-0.247
6.516,-0.176,-0.162,-0.186,-0.001,0.002,-0.002,0.001,0.019,-0.238
6.531,-0.176,-0.162,-0.186,-0.001,0.001,-0.001,0.010,0.049,-0.215
6.531,-0.176,-0.162,-0.186,-0.000,0.001,-0.001,0.018,0.042,-0.241
6.547,-0.176,-0.162,-0.186,-0.000,0.001,-0.001,0.010,0.038,-0.247
6.562,-0.176,-0.162,-0.186,-0.000,0.000,-0.000,0.014,0.013,-0.277
6.578,-0.176,-0.162,-0.186,0.000,0.000,-0.000,0.004,0.014,-0.247
6.578,-0.176,-0.162,-0.186,0.000,0.000,-0.000,0.008,0.027,-0.253
6.594,-0.176,-0.162,-0.186,0.000,0.000,-0.000,0.006,0.012,-0.232
6.609,-0.176,-0.162,-0.186,0.000,0.000,-0.000,0.003,0.030,-0.247
6.609,-0.176,-0.162,-0.186,0.000,0.000,-0.000,0.015,0.035,-0.256
6.625,-0.176,-0.162,-0.186,0.000,0.000,-0.000,0.031,0.016,-0.226
6.641,-0.176,-0.162,-0.186,0.000,0.000,-0.000,0.012,0.029,-0.215
6.641,-0.176,-0.162,-0.186,0.000,0.000,-0.000,0.018,0.042,-0.221
6.656,-0.176,-0.162,-0.186,0.000,0.000,-0.000,0.005,-0.007,-0.250
6.672,-0.176,-0.162,-0.186,0.000,0.000,-0.000,0.009,0.023,-0.259
6.687,-0.176,-0.162,-0.186,0.000,0.000,-0.000,0.017,0.034,-0.232
6.687,-0.176,-0.162,-0.186,0.000,0.000,-0.000,0.013,0.044,-0.224
6.703,-0.176,-0.162,-0.186,0.000,0.000,-0.000,0.008,0.051,-0.226
6.719,-0.176,-0.162,-0.186,0.000,0.000,-0.000,0.019,0.021,-0.268
6.719,-0.176,-0.162,-0.186,0.000,0.000,-0.000,0.006,0.012,-0.250
6.734,-0.176,-0.162,-0.186,0.000,0.000,-0.000,-0.004,0.033,-0.238
6.750,-0.176,-0.162,-0.186,0.000,0.000,-0.000,0.013,0.021,-0.238
6.750,-0.176,-0.162,-0.186,0.000,0.000,-0.000,0.002,0.034,-0.226
6.766,-0.176,-0.162,-0.186,0.000,0.000,-0.000,0.004,0.014,-0.238
6.781,-0.176,-0.162,-0.186,0.000,0.000,-0.000,0.030,0.036,-0.224
6.781,-0.176,-0.162,-0.186,0.000,0.000,-0.000,0.014,0.040,-0.238
6.797,-0.176,-0.162,-0.186,0.000,0.000,-0.000,0.015,0.012,-0.265
6.812,-0.176,-0.162,-0.186,0.000,0.000,-0.000,-0.001,0.051,-0.247
6.828,-0.176,-0.162,-0.186,0.000,0.000,-0.000,0.022,0.032,-0.224
6.828,-0.176,-0.162,-0.186,0.000,0.000,-0.000,0.010,0.014,-0.268
6.844,-0.176,-0.162,-0.186,0.000,0.000,-0.000,-0.005,0.007,-0.256
6.859,-0.176,-0.162,-0.186,0.000,0.000,-0.000,0.008,0.027,-0.259
6.859,-0.176,-0.162,-0.186,0.000,0.000,-0.000,0.028,0.033,-0.253
6.875,-0.176,-0.162,-0.186,0.000,0.000,-0.000,0.004,0.037,-0.232
6.891,-0.176,-0.162,-0.186,0.000,0.000,-0.000,0.013,0.021,-0.241
6.891,-0.176,-0.162,-0.186,0.000,0.000,-0.000,0.020,0.040,-0.253
6.906,-0.176,-0.162,-0.186,0.000,0.000,-0.000,0.016,0.031,-0.244
6.922,-0.176,-0.162,-0.186,0.000,0.000,-0.000,0.012,0.025,-0.241
6.937,-0.176,-0.162,-0.186,0.000,0.000,-0.000,0.030,0.031,-0.226
6.937,-0.176,-0.162,-0.186,0.000,0.000,-0.000,0.009,0.035,-0.241
6.953,-0.176,-0.162,-0.186,0.000,0.000,-0.000,0.020,0.029,-0.235
6.969,-0.176,-0.162,-0.186,0.000,0.000,-0.000,-0.002,0.036,-0.215
6.969,-0.176,-0.162,-0.186,0.000,0.000,-0.000,0.011,0.033,-0.250
6.984,-0.176,-0.162,-0.186,0.000,0.000,-0.000,-0.000,0.023,-0.235
7.000,-0.176,-0.162,-0.186,0.000,0.000,-0.000,0.005,0.005,-0.256
7.000,-0.176,-0.162,-0.186,0.000,0.000,-0.000,0.012,0.018,-0.247
7.016,-0.176,-0.162,-0.186,0.000,0.000,-0.000,0.019,0.026,-0.253
7.031,-0.176,-0.162,-0.186,0.000,0.000,-0.000,0.026,0.022,-0.241
7.031,-0.176,-0.162,-0.186,0.000,0.000,-0.000,0.030,0.012,-0.232
7.047,-0.176,-0.162,-0.186,0.000,0.000,-0.000,0.007,0.032,-0.226
7.062,-0.176,-0.162,-0.186,0.000,0.000,-0.000,0.009,0.030,-0.215
7.078,-0.176,-0.162,-0.186,0.000,0.000,-0.000,0.006,0.024,-0.226
7.078,-0.176,-0.162,-0.186,0.000,0.000,-0.000,-0.002,0.001,-0.244
7.094,-0.176,-0.162,-0.186,0.000,0.000,-0.000,0.030,0.008,-0.265
7.109,-0.176,-0.162,-0.186,0.000,0.000,-0.000,0.024,0.042,-0.235
7.109,-0.176,-0.162,-0.186,0.000,0.000,-0.000,0.010,0.026,-0.253
7.125,-0.176,-0.162,-0.186,0.000,0.000,-0.000,0.012,0.025,-0.247
7.141,-0.176,-0.162,-0.186,0.000,0.000,-0.000,0.029,0.017,-0.235
7.141,-0.176,-0.162,-0.186,0.000,0.000,-0.000,0.012,0.029,-0.238
7.156,-0.176,-0.162,-0.186,0.000,0.000,-0.000,0.002,0.022,-0.253
7.172,-0.176,-0.162,-0.186,0.000,0.000,-0.000,0.018,0.018,-0.259
7.187,-0.176,-0.162,-0.186,0.000,0.000,-0.000,0.018,0.018,-0.238
7.187,-0.176,-0.162,-0.186,0.000,0.000,-0.000,0.033,0.042,-0.241
7.203,-0.176,-0.162,-0.186,0.000,0.000,-0.000,0.018,0.030,-0.262
7.219,-0.176,-0.162,-0.186,0.000,0.000,-0.000,0.021,0.024,-0.253
7.219,-0.176,-0.162,-0.186,0.000,0.000,-0.000,0.018,0.018,-0.238
7.234,-0.176,-0.162,-0.186,0.000,0.000,-0.000,0.010,0.014,-0.247
7.250,-0.176,-0.162,-0.186,0.000,0.000,-0.000,0.030,0.036,-0.241
7.250,-0.176,-0.162,-0.186,0.000,0.000,-0.000,0.037,0.040,-0.253
7.266,-0.176,-0.162,-0.186,0.000,0.000,-0.000,0.015,0.024,-0.229
7.281,-0.176,-0.162,-0.186,0.000,0.000,-0.000,0.019,0.006,-0.244
7.297,-0.176,-0.162,-0.186,0.000,0.000,-0.000,0.027,0.006,-0.224
7.297,-0.176,-0.162,-0.186,0.000,0.000,-0.000,0.021,0.024,-0.229
7.312,-0.176,-0.162,-0.186,0.000,0.000,-0.000,0.012,0.018,-0.241
7.328,-0.176,-0.162,-0.186,0.000,0.000,-0.000,0.029,0.040,-0.215
7.328,-0.176,-0.162,-0.186,0.000,0.000,-0.000,0.008,0.054,-0.238
7.344,-0.176,-0.162,-0.186,0.000,0.000,-0.000,0.003,0.030,-0.259
7.359,-0.176,-0.162,-0.186,0.000,0.000,-0.000,0.030,0.008,-0.232
7.359,-0.176,-0.162,-0.186,0.000,0.000,-0.000,0.022,0.044,-0.250
7.375,-0.176,-0.162,-0.186,0.000,0.000,-0.000,0.017,0.023,-0.250
7.391,-0.176,-0.162,-0.186,0.000,0.000,-0.000,0.026,0.022,-0.238
7.391,-0.176,-0.162,-0.186,0.000,0.000,-0.000,0.022,0.044,-0.262
7.406,-0.176,-0.162,-0.186,0.000,0.000,-0.000,0.012,0.041,-0.253
7.422,-0.176,-0.162,-0.186,0.000,0.000,-0.000,0.029,0.028,-0.265
7.422,-0.176,-0.162,-0.186,0.000,0.000,-0.000,0.016,0.027,-0.238
7.437,-0.176,-0.162,-0.186,0.000,0.000,-0.000,0.008,0.027,-0.238
7.453,-0.176,-0.162,-0.186,0.000,0.000,-0.000,0.022,0.032,-0.241
7.469,-0.176,-0.162,-0.186,0.000,0.000,-0.000,-0.002,0.025,-0.250
7.469,-0.176,-0.162,-0.186,0.000,0.000,-0.000,0.010,0.026,-0.253
7.484,-0.176,-0.162,-0.186,0.000,0.000,-0.000,0.009,0.023,-0.253
7.500,-0.176,-0.162,-0.186,0.000,0.000,-0.000,0.014,0.016,-0.253
7.500,-0.176,-0.162,-0.186,0.000,0.000,-0.000,0.030,0.024,-0.238
7.516,-0.176,-0.162,-0.186,0.000,0.000,-0.000,0.019,0.014,-0.241
7.531,-0.176,-0.162,-0.186,0.000,0.000,-0.000,0.010,0.003,-0.244
7.531,-0.176,-0.162,-0.186,0.000,0.000,-0.000,0.007,0.020,-0.238
7.547,-0.176,-0.162,-0.186,0.000,0.000,-0.000,0.002,0.022,-0.241
7.562,-0.176,-0.162,-0.186,0.000,0.000,-0.000,0.022,0.020,-0.232
7.578,-0.176,-0.162,-0.186,0.000,0.000,-0.000,0.031,0.027,-0.250
7.578,-0.176,-0.162,-0.186,0.000,0.000,-0.000,0.016,0.062,-0.238
7.594,-0.176,-0.162,-0.186,0.000,0.000,-0.000,0.040,0.038,-0.224
7.609,-0.176,-0.162,-0.186,0.000,0.000,-0.000,0.031,0.027,-0.247
7.609,-0.176,-0.162,-0.186,0.000,0.000,-0.000,0.023,0.016,-0.238
7.625,-0.176,-0.162,-0.186,0.000,0.000,-0.000,0.012,0.041,-0.250
7.641,-0.176,-0.162,-0.186,0.000,0.000,-0.000,0.006,0.024,-0.256
7.641,-0.176,-0.162,-0.186,0.000,0.000,-0.000,-0.010,0.021,-0.238
7.656,-0.176,-0.162,-0.186,0.000,0.000,-0.000,0.011,0.022,-0.247
7.672,-0.176,-0.162,-0.186,0.000,0.000,-0.000,0.016,0.019,-0.241
