Time,PosX,PosY,PosZ,VelX,VelY,VelZ,ForceX,ForceY,ForceZ,Action1,Action2,Action3
0,0,0.71,0.66,0,0,0,0,0,0,0,0,0
0,0,0.71,0.66,0,0,0,0,0,0,0.2594,-1.5774,-2.8625
0.02,0,0.71,0.66,0.0001,-0.0003,-0.0011,0.0009,-0.0031,-0.011,,,
0.02,0,0.71,0.66,0.0001,-0.0003,-0.0011,0.0009,-0.0031,-0.011,0.2578,-1.5747,-2.8611
0.04,0,0.71,0.6599,0.0002,-0.0006,-0.0022,0.0009,-0.0031,-0.011,,,
0.04,0,0.71,0.6599,0.0002,-0.0006,-0.0022,0.0009,-0.0031,-0.011,0.2558,-1.5679,-2.8604
0.06,0,0.7099,0.6598,0.0003,-0.0009,-0.0033,0.0008,-0.0031,-0.011,,,
0.06,0,0.7099,0.6598,0.0003,-0.0009,-0.0033,0.0008,-0.0031,-0.011,0.2537,-1.5612,-2.8598
0.08,0,0.7099,0.6598,0.0003,-0.0012,-0.0044,0.0008,-0.0031,-0.011,,,
0.08,0,0.7099,0.6598,0.0003,-0.0012,-0.0044,0.0008,-0.0031,-0.011,0.2517,-1.5545,-2.859
0.1,0,0.7099,0.6597,0.0004,-0.0015,-0.0055,0.0008,-0.003,-0.011,,,
0.1,0,0.7099,0.6597,0.0004,-0.0015,-0.0055,0.0008,-0.003,-0.011,0.2496,-1.5478,-2.8584
0.12,0,0.7099,0.6595,0.0005,-0.0018,-0.0066,0.0008,-0.003,-0.0109,,,
0.12,0,0.7099,0.6595,0.0005,-0.0018,-0.0066,0.0008,-0.003,-0.0109,0.2476,-1.5411,-2.8577
0.14,0,0.7098,0.6594,0.0006,-0.0021,-0.0077,0.0008,-0.003,-0.0109,,,
0.14,0,0.7098,0.6594,0.0006,-0.0021,-0.0077,0.0008,-0.003,-0.0109,0.2456,-1.5344,-2.8571
0.16,0.0001,0.7098,0.6592,0.0007,-0.0024,-0.0088,0.0008,-0.003,-0.0109,,,
0.16,0.0001,0.7098,0.6592,0.0007,-0.0024,-0.0088,0.0008,-0.003,-0.0109,0.2435,-1.5278,-2.8564
0.18,0.0001,0.7097,0.659,0.0007,-0.0027,-0.0099,0.0008,-0.003,-0.0109,,,
0.18,0.0001,0.7097,0.659,0.0007,-0.0027,-0.0099,0.0008,-0.003,-0.0109,0.2415,-1.5212,-2.8558
0.2,0.0001,0.7097,0.6588,0.0008,-0.003,-0.0109,0.0008,-0.003,-0.0109,,,
0.2,0.0001,0.7097,0.6588,0.0008,-0.003,-0.0109,0.0008,-0.003,-0.0109,0.2394,-1.5146,-2.8551
0.22,0.0001,0.7096,0.6586,0.0009,-0.0033,-0.012,0.0008,-0.0029,-0.0109,,,
0.22,0.0001,0.7096,0.6586,0.0009,-0.0033,-0.012,0.0008,-0.0029,-0.0109,0.2374,-1.508,-2.8545
0.24,0.0001,0.7095,0.6583,0.001,-0.0036,-0.0131,0.0008,-0.0029,-0.0109,,,
0.24,0.0001,0.7095,0.6583,0.001,-0.0036,-0.0131,0.0008,-0.0029,-0.0109,0.2354,-1.5015,-2.8538
0.26,0.0002,0.7094,0.658,0.0011,-0.0039,-0.0142,0.0008,-0.0029,-0.0108,,,
0.26,0.0002,0.7094,0.658,0.0011,-0.0039,-0.0142,0.0008,-0.0029,-0.0108,0.2333,-1.4949,-2.8532
0.28,0.0002,0.7094,0.6577,0.0011,-0.0042,-0.0153,0.0007,-0.0029,-0.0108,,,
0.28,0.0002,0.7094,0.6577,0.0011,-0.0042,-0.0153,0.0007,-0.0029,-0.0108,0.2313,-1.4884,-2.8526
0.3,0.0002,0.7093,0.6574,0.0012,-0.0045,-0.0164,0.0007,-0.0029,-0.0108,,,
0.3,0.0002,0.7093,0.6574,0.0012,-0.0045,-0.0164,0.0007,-0.0029,-0.0108,0.2293,-1.4819,-2.8519
0.32,0.0002,0.7092,0.657,0.0013,-0.0048,-0.0174,0.0007,-0.0029,-0.0108,,,
0.32,0.0002,0.7092,0.657,0.0013,-0.0048,-0.0174,0.0007,-0.0029,-0.0108,0.2273,-1.4755,-2.8513
0.34,0.0002,0.7091,0.6567,0.0013,-0.005,-0.0185,0.0007,-0.0028,-0.0108,,,
0.34,0.0002,0.7091,0.6567,0.0013,-0.005,-0.0185,0.0007,-0.0028,-0.0108,0.2253,-1.4691,-2.8507
0.36,0.0003,0.709,0.6563,0.0014,-0.0053,-0.0196,0.0007,-0.0028,-0.0108,,,
0.36,0.0003,0.709,0.6563,0.0014,-0.0053,-0.0196,0.0007,-0.0028,-0.0108,0.2232,-1.4626,-2.8501
0.38,0.0003,0.7089,0.6558,0.0015,-0.0056,-0.0207,0.0007,-0.0028,-0.0108,,,
0.38,0.0003,0.7089,0.6558,0.0015,-0.0056,-0.0207,0.0007,-0.0028,-0.0108,0.2212,-1.4562,-2.8494
0.4,0.0003,0.7087,0.6554,0.0015,-0.0059,-0.0218,0.0007,-0.0028,-0.0108,,,
0.4,0.0003,0.7087,0.6554,0.0015,-0.0059,-0.0218,0.0007,-0.0028,-0.0108,0.2192,-1.4499,-2.8488
0.42,0.0004,0.7086,0.655,0.0016,-0.0062,-0.0228,0.0007,-0.0028,-0.0107,,,
0.42,0.0004,0.7086,0.655,0.0016,-0.0062,-0.0228,0.0007,-0.0028,-0.0107,0.2172,-1.4435,-2.8482
0.44,0.0004,0.7085,0.6545,0.0017,-0.0064,-0.0239,0.0007,-0.0028,-0.0107,,,
0.44,0.0004,0.7085,0.6545,0.0017,-0.0064,-0.0239,0.0007,-0.0028,-0.0107,0.2152,-1.4372,-2.8476
0.46,0.0004,0.7084,0.654,0.0017,-0.0067,-0.025,0.0006,-0.0027,-0.0107,,,
0.46,0.0004,0.7084,0.654,0.0017,-0.0067,-0.025,0.0006,-0.0027,-0.0107,0.2132,-1.4309,-2.847
0.48,0.0005,0.7082,0.6535,0.0018,-0.007,-0.026,0.0006,-0.0027,-0.0107,,,
0.48,0.0005,0.7082,0.6535,0.0018,-0.007,-0.026,0.0006,-0.0027,-0.0107,0.2112,-1.4246,-2.8464
0.5,0.0005,0.7081,0.6529,0.0019,-0.0073,-0.0271,0.0006,-0.0027,-0.0107,,,
0.5,0.0005,0.7081,0.6529,0.0019,-0.0073,-0.0271,0.0006,-0.0027,-0.0107,0.2092,-1.4184,-2.8459
0.52,0.0006,0.7079,0.6524,0.0019,-0.0075,-0.0282,0.0006,-0.0027,-0.0107,,,
0.52,0.0006,0.7079,0.6524,0.0019,-0.0075,-0.0282,0.0006,-0.0027,-0.0107,0.2072,-1.4121,-2.8453
0.54,0.0006,0.7078,0.6518,0.002,-0.0078,-0.0292,0.0006,-0.0027,-0.0107,,,
0.54,0.0006,0.7078,0.6518,0.002,-0.0078,-0.0292,0.0006,-0.0027,-0.0107,0.2052,-1.4059,-2.8447
0.56,0.0006,0.7076,0.6512,0.0021,-0.0081,-0.0303,0.0006,-0.0027,-0.0106,,,
0.56,0.0006,0.7076,0.6512,0.0021,-0.0081,-0.0303,0.0006,-0.0027,-0.0106,0.2032,-1.3997,-2.8441
0.58,0.0007,0.7074,0.6505,0.0021,-0.0083,-0.0314,0.0006,-0.0027,-0.0106,,,
0.58,0.0007,0.7074,0.6505,0.0021,-0.0083,-0.0314,0.0006,-0.0027,-0.0106,0.2012,-1.3935,-2.8435
0.6,0.0007,0.7073,0.6499,0.0022,-0.0086,-0.0324,0.0006,-0.0026,-0.0106,,,
0.6,0.0007,0.7073,0.6499,0.0022,-0.0086,-0.0324,0.0006,-0.0026,-0.0106,0.1993,-1.3874,-2.843
0.62,0.0008,0.7071,0.6492,0.0022,-0.0089,-0.0335,0.0006,-0.0026,-0.0106,,,
0.62,0.0008,0.7071,0.6492,0.0022,-0.0089,-0.0335,0.0006,-0.0026,-0.0106,0.1973,-1.3812,-2.8424
0.64,0.0008,0.7069,0.6485,0.0023,-0.0091,-0.0346,0.0006,-0.0026,-0.0106,,,
0.64,0.0008,0.7069,0.6485,0.0023,-0.0091,-0.0346,0.0006,-0.0026,-0.0106,0.1953,-1.3751,-2.8418
0.66,0.0009,0.7067,0.6478,0.0023,-0.0094,-0.0356,0.0005,-0.0026,-0.0106,,,
0.66,0.0009,0.7067,0.6478,0.0023,-0.0094,-0.0356,0.0005,-0.0026,-0.0106,0.1933,-1.369,-2.8413
0.68,0.0009,0.7065,0.6471,0.0024,-0.0096,-0.0367,0.0005,-0.0026,-0.0106,,,
0.68,0.0009,0.7065,0.6471,0.0024,-0.0096,-0.0367,0.0005,-0.0026,-0.0106,0.1913,-1.363,-2.8407
0.7,0.001,0.7063,0.6463,0.0024,-0.0099,-0.0377,0.0005,-0.0026,-0.0106,,,
0.7,0.001,0.7063,0.6463,0.0024,-0.0099,-0.0377,0.0005,-0.0026,-0.0106,0.1894,-1.3569,-2.8401
0.72,0.001,0.7061,0.6455,0.0025,-0.0102,-0.0388,0.0005,-0.0026,-0.0105,,,
0.72,0.001,0.7061,0.6455,0.0025,-0.0102,-0.0388,0.0005,-0.0026,-0.0105,0.1874,-1.3509,-2.8396
0.74,0.0011,0.7059,0.6448,0.0025,-0.0104,-0.0398,0.0005,-0.0025,-0.0105,,,
0.74,0.0011,0.7059,0.6448,0.0025,-0.0104,-0.0398,0.0005,-0.0025,-0.0105,0.1854,-1.3449,-2.839
0.76,0.0011,0.7057,0.6439,0.0026,-0.0107,-0.0409,0.0005,-0.0025,-0.0105,,,
0.76,0.0011,0.7057,0.6439,0.0026,-0.0107,-0.0409,0.0005,-0.0025,-0.0105,0.1835,-1.3389,-2.8385
0.78,0.0012,0.7055,0.6431,0.0026,-0.0109,-0.0419,0.0005,-0.0025,-0.0105,,,
0.78,0.0012,0.7055,0.6431,0.0026,-0.0109,-0.0419,0.0005,-0.0025,-0.0105,0.1815,-1.3329,-2.838
0.8,0.0012,0.7053,0.6422,0.0027,-0.0112,-0.043,0.0005,-0.0025,-0.0105,,,
0.8,0.0012,0.7053,0.6422,0.0027,-0.0112,-0.043,0.0005,-0.0025,-0.0105,0.1795,-1.327,-2.8374
0.82,0.0013,0.705,0.6414,0.0027,-0.0114,-0.044,0.0004,-0.0025,-0.0105,,,
0.82,0.0013,0.705,0.6414,0.0027,-0.0114,-0.044,0.0004,-0.0025,-0.0105,0.1776,-1.3211,-2.8369
0.84,0.0013,0.7048,0.6405,0.0028,-0.0117,-0.0451,0.0004,-0.0025,-0.0105,,,
0.84,0.0013,0.7048,0.6405,0.0028,-0.0117,-0.0451,0.0004,-0.0025,-0.0105,0.1756,-1.3152,-2.8364
0.86,0.0014,0.7046,0.6395,0.0028,-0.0119,-0.0461,0.0004,-0.0024,-0.0105,,,
0.86,0.0014,0.7046,0.6395,0.0028,-0.0119,-0.0461,0.0004,-0.0024,-0.0105,0.1737,-1.3093,-2.8358
0.88,0.0014,0.7043,0.6386,0.0029,-0.0121,-0.0472,0.0004,-0.0024,-0.0104,,,
0.88,0.0014,0.7043,0.6386,0.0029,-0.0121,-0.0472,0.0004,-0.0024,-0.0104,0.1717,-1.3034,-2.8353
0.9,0.0015,0.7041,0.6376,0.0029,-0.0124,-0.0482,0.0004,-0.0024,-0.0104,,,
0.9,0.0015,0.7041,0.6376,0.0029,-0.0124,-0.0482,0.0004,-0.0024,-0.0104,0.1698,-1.2976,-2.8348
0.92,0.0016,0.7038,0.6366,0.0029,-0.0126,-0.0493,0.0004,-0.0024,-0.0104,,,
0.92,0.0016,0.7038,0.6366,0.0029,-0.0126,-0.0493,0.0004,-0.0024,-0.0104,0.1678,-1.2918,-2.8343
0.94,0.0016,0.7036,0.6356,0.003,-0.0129,-0.0503,0.0004,-0.0024,-0.0104,,,
0.94,0.0016,0.7036,0.6356,0.003,-0.0129,-0.0503,0.0004,-0.0024,-0.0104,0.1659,-1.2859,-2.8337
0.96,0.0017,0.7033,0.6346,0.003,-0.0131,-0.0513,0.0004,-0.0024,-0.0104,,,
0.96,0.0017,0.7033,0.6346,0.003,-0.0131,-0.0513,0.0004,-0.0024,-0.0104,0.1639,-1.2802,-2.8332
0.98,0.0017,0.703,0.6336,0.003,-0.0133,-0.0524,0.0004,-0.0024,-0.0104,,,
0.98,0.0017,0.703,0.6336,0.003,-0.0133,-0.0524,0.0004,-0.0024,-0.0104,0.162,-1.2744,-2.8327
1,0.0018,0.7028,0.6325,0.0031,-0.0136,-0.0534,0.0003,-0.0024,-0.0104,,,
1,0.0018,0.7028,0.6325,0.0031,-0.0136,-0.0534,0.0003,-0.0024,-0.0104,0.16,-1.2687,-2.8322
1.02,0.0019,0.7025,0.6314,0.0031,-0.0138,-0.0544,0.0003,-0.0023,-0.0104,,,
1.02,0.0019,0.7025,0.6314,0.0031,-0.0138,-0.0544,0.0003,-0.0023,-0.0104,0.1581,-1.2629,-2.8317
1.04,0.0019,0.7022,0.6303,0.0031,-0.014,-0.0555,0.0003,-0.0023,-0.0103,,,
1.04,0.0019,0.7022,0.6303,0.0031,-0.014,-0.0555,0.0003,-0.0023,-0.0103,0.1562,-1.2572,-2.8312
1.06,0.002,0.7019,0.6292,0.0032,-0.0143,-0.0565,0.0003,-0.0023,-0.0103,,,
1.06,0.002,0.7019,0.6292,0.0032,-0.0143,-0.0565,0.0003,-0.0023,-0.0103,0.1542,-1.2516,-2.8307
1.08,0.002,0.7016,0.628,0.0032,-0.0145,-0.0575,0.0003,-0.0023,-0.0103,,,
1.08,0.002,0.7016,0.628,0.0032,-0.0145,-0.0575,0.0003,-0.0023,-0.0103,0.1523,-1.2459,-2.8302
1.1,0.0021,0.7013,0.6268,0.0032,-0.0147,-0.0586,0.0003,-0.0023,-0.0103,,,
1.1,0.0021,0.7013,0.6268,0.0032,-0.0147,-0.0586,0.0003,-0.0023,-0.0103,0.1504,-1.2402,-2.8297
1.12,0.0022,0.701,0.6256,0.0033,-0.015,-0.0596,0.0003,-0.0023,-0.0103,,,
1.12,0.0022,0.701,0.6256,0.0033,-0.015,-0.0596,0.0003,-0.0023,-0.0103,0.1485,-1.2346,-2.8292
1.14,0.0022,0.7007,0.6244,0.0033,-0.0152,-0.0606,0.0003,-0.0023,-0.0103,,,
1.14,0.0022,0.7007,0.6244,0.0033,-0.0152,-0.0606,0.0003,-0.0023,-0.0103,0.1465,-1.229,-2.8287
1.16,0.0023,0.7004,0.6232,0.0033,-0.0154,-0.0617,0.0003,-0.0022,-0.0103,,,
1.16,0.0023,0.7004,0.6232,0.0033,-0.0154,-0.0617,0.0003,-0.0022,-0.0103,0.1446,-1.2234,-2.8283
1.18,0.0024,0.7001,0.6219,0.0033,-0.0156,-0.0627,0.0002,-0.0022,-0.0103,,,
1.18,0.0024,0.7001,0.6219,0.0033,-0.0156,-0.0627,0.0002,-0.0022,-0.0103,0.1427,-1.2179,-2.8278
1.2,0.0024,0.6998,0.6207,0.0034,-0.0158,-0.0637,0.0002,-0.0022,-0.0102,,,
1.2,0.0024,0.6998,0.6207,0.0034,-0.0158,-0.0637,0.0002,-0.0022,-0.0102,0.1408,-1.2123,-2.8273
1.22,0.0025,0.6995,0.6194,0.0034,-0.0161,-0.0647,0.0002,-0.0022,-0.0102,,,
1.22,0.0025,0.6995,0.6194,0.0034,-0.0161,-0.0647,0.0002,-0.0022,-0.0102,0.1389,-1.2068,-2.8268
1.24,0.0026,0.6991,0.6181,0.0034,-0.0163,-0.0658,0.0002,-0.0022,-0.0102,,,
1.24,0.0026,0.6991,0.6181,0.0034,-0.0163,-0.0658,0.0002,-0.0022,-0.0102,0.1369,-1.2013,-2.8263
1.26,0.0026,0.6988,0.6167,0.0034,-0.0165,-0.0668,0.0002,-0.0022,-0.0102,,,
1.26,0.0026,0.6988,0.6167,0.0034,-0.0165,-0.0668,0.0002,-0.0022,-0.0102,0.135,-1.1958,-2.8259
1.28,0.0027,0.6985,0.6154,0.0034,-0.0167,-0.0678,0.0002,-0.0022,-0.0102,,,
1.28,0.0027,0.6985,0.6154,0.0034,-0.0167,-0.0678,0.0002,-0.0022,-0.0102,0.1331,-1.1903,-2.8254
1.3,0.0028,0.6981,0.614,0.0035,-0.0169,-0.0688,0.0002,-0.0021,-0.0102,,,
1.3,0.0028,0.6981,0.614,0.0035,-0.0169,-0.0688,0.0002,-0.0021,-0.0102,0.1312,-1.1849,-2.8249
1.32,0.0029,0.6978,0.6126,0.0035,-0.0171,-0.0698,0.0002,-0.0021,-0.0102,,,
1.32,0.0029,0.6978,0.6126,0.0035,-0.0171,-0.0698,0.0002,-0.0021,-0.0102,0.1293,-1.1794,-2.8244
1.34,0.0029,0.6975,0.6112,0.0035,-0.0174,-0.0708,0.0001,-0.0021,-0.0102,,,
1.34,0.0029,0.6975,0.6112,0.0035,-0.0174,-0.0708,0.0001,-0.0021,-0.0102,0.1274,-1.174,-2.824
1.36,0.003,0.6971,0.6097,0.0035,-0.0176,-0.0719,0.0001,-0.0021,-0.0101,,,
1.36,0.003,0.6971,0.6097,0.0035,-0.0176,-0.0719,0.0001,-0.0021,-0.0101,0.1255,-1.1686,-2.8235
1.38,0.0031,0.6967,0.6083,0.0035,-0.0178,-0.0729,0.0001,-0.0021,-0.0101,,,
1.38,0.0031,0.6967,0.6083,0.0035,-0.0178,-0.0729,0.0001,-0.0021,-0.0101,0.1236,-1.1632,-2.8231
1.4,0.0031,0.6964,0.6068,0.0035,-0.018,-0.0739,0.0001,-0.0021,-0.0101,,,
1.4,0.0031,0.6964,0.6068,0.0035,-0.018,-0.0739,0.0001,-0.0021,-0.0101,0.1217,-1.1579,-2.8226
1.42,0.0032,0.696,0.6053,0.0035,-0.0182,-0.0749,0.0001,-0.0021,-0.0101,,,
1.42,0.0032,0.696,0.6053,0.0035,-0.0182,-0.0749,0.0001,-0.0021,-0.0101,0.1198,-1.1525,-2.8221
1.44,0.0033,0.6957,0.6038,0.0035,-0.0184,-0.0759,0.0001,-0.0021,-0.0101,,,
1.44,0.0033,0.6957,0.6038,0.0035,-0.0184,-0.0759,0.0001,-0.0021,-0.0101,0.1179,-1.1472,-2.8217
1.46,0.0033,0.6953,0.6023,0.0035,-0.0186,-0.0769,0.0001,-0.002,-0.0101,,,
1.46,0.0033,0.6953,0.6023,0.0035,-0.0186,-0.0769,0.0001,-0.002,-0.0101,0.116,-1.1419,-2.8212
1.48,0.0034,0.6949,0.6007,0.0036,-0.0188,-0.0779,0.0001,-0.002,-0.0101,,,
1.48,0.0034,0.6949,0.6007,0.0036,-0.0188,-0.0779,0.0001,-0.002,-0.0101,0.1141,-1.1366,-2.8208
1.5,0.0035,0.6945,0.5991,0.0036,-0.019,-0.0789,0,-0.002,-0.0101,,,
1.5,0.0035,0.6945,0.5991,0.0036,-0.019,-0.0789,0,-0.002,-0.0101,0.1122,-1.1314,-2.8203
1.52,0.0036,0.6941,0.5975,0.0036,-0.0192,-0.0799,0,-0.002,-0.0101,,,
1.52,0.0036,0.6941,0.5975,0.0036,-0.0192,-0.0799,0,-0.002,-0.0101,0.1103,-1.1261,-2.8199
1.54,0.0036,0.6938,0.5959,0.0036,-0.0194,-0.0809,0,-0.002,-0.01,,,
1.54,0.0036,0.6938,0.5959,0.0036,-0.0194,-0.0809,0,-0.002,-0.01,0.1084,-1.1209,-2.8194
1.56,0.0037,0.6934,0.5943,0.0036,-0.0196,-0.0819,0,-0.002,-0.01,,,
1.56,0.0037,0.6934,0.5943,0.0036,-0.0196,-0.0819,0,-0.002,-0.01,0.1065,-1.1157,-2.819
1.58,0.0038,0.693,0.5926,0.0036,-0.0198,-0.0829,0,-0.002,-0.01,,,
1.58,0.0038,0.693,0.5926,0.0036,-0.0198,-0.0829,0,-0.002,-0.01,0.1047,-1.1105,-2.8185
1.6,0.0038,0.6926,0.5909,0.0036,-0.02,-0.0839,0,-0.002,-0.01,,,
1.6,0.0038,0.6926,0.5909,0.0036,-0.02,-0.0839,0,-0.002,-0.01,0.1028,-1.1053,-2.8181
1.62,0.0039,0.6922,0.5892,0.0036,-0.0202,-0.0849,0,-0.0019,-0.01,,,
1.62,0.0039,0.6922,0.5892,0.0036,-0.0202,-0.0849,0,-0.0019,-0.01,0.1009,-1.1001,-2.8176
1.64,0.004,0.6918,0.5875,0.0036,-0.0204,-0.0859,0,-0.0019,-0.01,,,
1.64,0.004,0.6918,0.5875,0.0036,-0.0204,-0.0859,0,-0.0019,-0.01,0.099,-1.095,-2.8172
1.66,0.0041,0.6913,0.5858,0.0035,-0.0206,-0.0869,-0.0001,-0.0019,-0.01,,,
1.66,0.0041,0.6913,0.5858,0.0035,-0.0206,-0.0869,-0.0001,-0.0019,-0.01,0.0971,-1.0899,-2.8168
1.68,0.0041,0.6909,0.584,0.0035,-0.0208,-0.0879,-0.0001,-0.0019,-0.01,,,
1.68,0.0041,0.6909,0.584,0.0035,-0.0208,-0.0879,-0.0001,-0.0019,-0.01,0.0952,-1.0848,-2.8163
1.7,0.0042,0.6905,0.5822,0.0035,-0.021,-0.0889,-0.0001,-0.0019,-0.0099,,,
1.7,0.0042,0.6905,0.5822,0.0035,-0.021,-0.0889,-0.0001,-0.0019,-0.0099,0.0934,-1.0797,-2.8159
1.72,0.0043,0.6901,0.5804,0.0035,-0.0211,-0.0899,-0.0001,-0.0019,-0.0099,,,
1.72,0.0043,0.6901,0.5804,0.0035,-0.0211,-0.0899,-0.0001,-0.0019,-0.0099,0.0915,-1.0746,-2.8154
1.74,0.0043,0.6897,0.5786,0.0035,-0.0213,-0.0909,-0.0001,-0.0019,-0.0099,,,
1.74,0.0043,0.6897,0.5786,0.0035,-0.0213,-0.0909,-0.0001,-0.0019,-0.0099,0.0896,-1.0696,-2.815
1.76,0.0044,0.6892,0.5768,0.0035,-0.0215,-0.0919,-0.0001,-0.0019,-0.0099,,,
1.76,0.0044,0.6892,0.5768,0.0035,-0.0215,-0.0919,-0.0001,-0.0019,-0.0099,0.0877,-1.0645,-2.8146
1.78,0.0045,0.6888,0.5749,0.0035,-0.0217,-0.0929,-0.0001,-0.0018,-0.0099,,,
1.78,0.0045,0.6888,0.5749,0.0035,-0.0217,-0.0929,-0.0001,-0.0018,-0.0099,0.0859,-1.0595,-2.8141
1.8,0.0046,0.6884,0.573,0.0035,-0.0219,-0.0939,-0.0001,-0.0018,-0.0099,,,
1.8,0.0046,0.6884,0.573,0.0035,-0.0219,-0.0939,-0.0001,-0.0018,-0.0099,0.084,-1.0545,-2.8137
1.82,0.0046,0.6879,0.5711,0.0035,-0.0221,-0.0949,-0.0001,-0.0018,-0.0099,,,
1.82,0.0046,0.6879,0.5711,0.0035,-0.0221,-0.0949,-0.0001,-0.0018,-0.0099,0.0821,-1.0495,-2.8133
1.84,0.0047,0.6875,0.5692,0.0034,-0.0223,-0.0958,-0.0002,-0.0018,-0.0099,,,
1.84,0.0047,0.6875,0.5692,0.0034,-0.0223,-0.0958,-0.0002,-0.0018,-0.0099,0.0803,-1.0446,-2.8128
1.86,0.0048,0.687,0.5673,0.0034,-0.0224,-0.0968,-0.0002,-0.0018,-0.0098,,,
1.86,0.0048,0.687,0.5673,0.0034,-0.0224,-0.0968,-0.0002,-0.0018,-0.0098,0.0784,-1.0396,-2.8124
1.88,0.0048,0.6866,0.5653,0.0034,-0.0226,-0.0978,-0.0002,-0.0018,-0.0098,,,
1.88,0.0048,0.6866,0.5653,0.0034,-0.0226,-0.0978,-0.0002,-0.0018,-0.0098,0.0765,-1.0347,-2.812
1.9,0.0049,0.6861,0.5634,0.0034,-0.0228,-0.0988,-0.0002,-0.0018,-0.0098,,,
1.9,0.0049,0.6861,0.5634,0.0034,-0.0228,-0.0988,-0.0002,-0.0018,-0.0098,0.0747,-1.0298,-2.8115
1.92,0.005,0.6857,0.5614,0.0034,-0.023,-0.0998,-0.0002,-0.0018,-0.0098,,,
1.92,0.005,0.6857,0.5614,0.0034,-0.023,-0.0998,-0.0002,-0.0018,-0.0098,0.0728,-1.0249,-2.8111
1.94,0.005,0.6852,0.5594,0.0034,-0.0231,-0.1008,-0.0002,-0.0018,-0.0098,,,
1.94,0.005,0.6852,0.5594,0.0034,-0.0231,-0.1008,-0.0002,-0.0018,-0.0098,0.071,-1.02,-2.8107
1.96,0.0051,0.6847,0.5573,0.0033,-0.0233,-0.1017,-0.0002,-0.0017,-0.0098,,,
1.96,0.0051,0.6847,0.5573,0.0033,-0.0233,-0.1017,-0.0002,-0.0017,-0.0098,0.0691,-1.0151,-2.8102
1.98,0.0052,0.6843,0.5554,0.0029,-0.0208,-0.0952,-0.0045,0.0247,0.0654,,,
1.98,0.0052,0.6843,0.5554,0.0029,-0.0208,-0.0952,-0.0045,0.0247,0.0654,0.09,-1.0302,-2.8337
2,0.0052,0.6839,0.5535,0.0029,-0.0185,-0.0969,0.0002,0.0236,-0.0169,,,
2,0.0052,0.6839,0.5535,0.0029,-0.0185,-0.0969,0.0002,0.0236,-0.0169,0.0716,-1.0728,-2.7967
2.02,0.0053,0.6835,0.5515,0.0029,-0.0178,-0.0968,0.0001,0.0072,0.0009,,,
2.02,0.0053,0.6835,0.5515,0.0029,-0.0178,-0.0968,0.0001,0.0072,0.0009,0.088,-1.1297,-2.8015
2.04,0.0053,0.6831,0.5495,0.0029,-0.0172,-0.0962,0.0001,0.006,0.0065,,,
2.04,0.0053,0.6831,0.5495,0.0029,-0.0172,-0.0962,0.0001,0.006,0.0065,0.0942,-1.1472,-2.8047
2.06,0.0054,0.6827,0.5476,0.0029,-0.0166,-0.0953,0,0.006,0.0083,,,
2.06,0.0054,0.6827,0.5476,0.0029,-0.0166,-0.0953,0,0.006,0.0083,0.0961,-1.1611,-2.8038
2.08,0.0055,0.6823,0.5457,0.0029,-0.0159,-0.0945,-0.0001,0.0062,0.0087,,,
2.08,0.0055,0.6823,0.5457,0.0029,-0.0159,-0.0945,-0.0001,0.0062,0.0087,0.0974,-1.1748,-2.8024
2.1,0.0055,0.6819,0.5437,0.0029,-0.0153,-0.0936,-0.0002,0.0059,0.0088,,,
2.1,0.0055,0.6819,0.5437,0.0029,-0.0153,-0.0936,-0.0002,0.0059,0.0088,0.0988,-1.1888,-2.801
2.12,0.0056,0.6816,0.5418,0.0029,-0.0148,-0.0927,-0.0002,0.0057,0.0087,,,
2.12,0.0056,0.6816,0.5418,0.0029,-0.0148,-0.0927,-0.0002,0.0057,0.0087,0.1004,-1.2021,-2.8
2.14,0.0057,0.6812,0.5399,0.0029,-0.0142,-0.0919,-0.0002,0.0054,0.0085,,,
2.14,0.0057,0.6812,0.5399,0.0029,-0.0142,-0.0919,-0.0002,0.0054,0.0085,0.1021,-1.2148,-2.7994
2.16,0.0057,0.6809,0.5381,0.0028,-0.0137,-0.091,-0.0002,0.005,0.0084,,,
2.16,0.0057,0.6809,0.5381,0.0028,-0.0137,-0.091,-0.0002,0.005,0.0084,0.1037,-1.2268,-2.7988
2.18,0.0058,0.6805,0.5362,0.0028,-0.0133,-0.0902,-0.0002,0.0048,0.0082,,,
2.18,0.0058,0.6805,0.5362,0.0028,-0.0133,-0.0902,-0.0002,0.0048,0.0082,0.1054,-1.2381,-2.7986
2.2,0.0058,0.6802,0.5344,0.0028,-0.0128,-0.0894,-0.0002,0.0045,0.008,,,
2.2,0.0058,0.6802,0.5344,0.0028,-0.0128,-0.0894,-0.0002,0.0045,0.008,0.107,-1.2487,-2.7984
2.22,0.0059,0.6799,0.5326,0.0028,-0.0124,-0.0886,-0.0002,0.0043,0.0079,,,
2.22,0.0059,0.6799,0.5326,0.0028,-0.0124,-0.0886,-0.0002,0.0043,0.0079,0.1086,-1.2587,-2.7984
2.24,0.006,0.6796,0.5308,0.0028,-0.012,-0.0878,-0.0002,0.0041,0.0077,,,
2.24,0.006,0.6796,0.5308,0.0028,-0.012,-0.0878,-0.0002,0.0041,0.0077,0.1102,-1.2682,-2.7985
2.26,0.006,0.6794,0.529,0.0028,-0.0116,-0.0871,-0.0002,0.0038,0.0075,,,
2.26,0.006,0.6794,0.529,0.0028,-0.0116,-0.0871,-0.0002,0.0038,0.0075,0.1117,-1.2772,-2.7987
2.28,0.0061,0.6791,0.5272,0.0027,-0.0112,-0.0864,-0.0002,0.0036,0.0074,,,
2.28,0.0061,0.6791,0.5272,0.0027,-0.0112,-0.0864,-0.0002,0.0036,0.0074,0.1132,-1.2856,-2.799
2.3,0.0061,0.6788,0.5255,0.0027,-0.0109,-0.0856,-0.0002,0.0034,0.0072,,,
2.3,0.0061,0.6788,0.5255,0.0027,-0.0109,-0.0856,-0.0002,0.0034,0.0072,0.1147,-1.2935,-2.7994
2.32,0.0062,0.6786,0.5237,0.0027,-0.0106,-0.0849,-0.0002,0.0032,0.0071,,,
2.32,0.0062,0.6786,0.5237,0.0027,-0.0106,-0.0849,-0.0002,0.0032,0.0071,0.1161,-1.301,-2.7999
2.34,0.0063,0.6783,0.522,0.0027,-0.0103,-0.0842,-0.0002,0.0031,0.0069,,,
2.34,0.0063,0.6783,0.522,0.0027,-0.0103,-0.0842,-0.0002,0.0031,0.0069,0.1175,-1.3081,-2.8005
2.36,0.0063,0.6781,0.5203,0.0027,-0.01,-0.0836,-0.0002,0.0029,0.0068,,,
2.36,0.0063,0.6781,0.5203,0.0027,-0.01,-0.0836,-0.0002,0.0029,0.0068,0.1188,-1.3147,-2.8012
2.38,0.0064,0.6778,0.5186,0.0026,-0.0097,-0.0829,-0.0002,0.0027,0.0067,,,
2.38,0.0064,0.6778,0.5186,0.0026,-0.0097,-0.0829,-0.0002,0.0027,0.0067,0.1201,-1.321,-2.8019
2.4,0.0064,0.6776,0.5169,0.0026,-0.0094,-0.0822,-0.0002,0.0026,0.0065,,,
2.4,0.0064,0.6776,0.5169,0.0026,-0.0094,-0.0822,-0.0002,0.0026,0.0065,0.1215,-1.3269,-2.8028
2.42,0.0065,0.6774,0.5152,0.0026,-0.0092,-0.0816,-0.0002,0.0024,0.0064,,,
2.42,0.0065,0.6774,0.5152,0.0026,-0.0092,-0.0816,-0.0002,0.0024,0.0064,0.1227,-1.3326,-2.8035
2.44,0.0065,0.6771,0.5136,0.0026,-0.009,-0.081,-0.0002,0.0023,0.0062,,,
2.44,0.0065,0.6771,0.5136,0.0026,-0.009,-0.081,-0.0002,0.0023,0.0062,0.1239,-1.3378,-2.8044
2.46,0.0066,0.6769,0.5119,0.0026,-0.0087,-0.0804,-0.0001,0.0022,0.0061,,,
2.46,0.0066,0.6769,0.5119,0.0026,-0.0087,-0.0804,-0.0001,0.0022,0.0061,0.1252,-1.3427,-2.8055
2.48,0.0067,0.6767,0.5103,0.0026,-0.0085,-0.0798,-0.0002,0.0021,0.006,,,
2.48,0.0067,0.6767,0.5103,0.0026,-0.0085,-0.0798,-0.0002,0.0021,0.006,0.1263,-1.3474,-2.8064
2.5,0.0067,0.6765,0.5087,0.0026,-0.0083,-0.0792,-0.0002,0.002,0.0059,,,
2.5,0.0067,0.6765,0.5087,0.0026,-0.0083,-0.0792,-0.0002,0.002,0.0059,0.1275,-1.3518,-2.8075
2.52,0.0068,0.6763,0.5071,0.0025,-0.0081,-0.0786,-0.0001,0.0019,0.0057,,,
2.52,0.0068,0.6763,0.5071,0.0025,-0.0081,-0.0786,-0.0001,0.0019,0.0057,0.1287,-1.3559,-2.8087
2.54,0.0068,0.6761,0.5055,0.0025,-0.008,-0.078,-0.0002,0.0017,0.0056,,,
2.54,0.0068,0.6761,0.5055,0.0025,-0.008,-0.078,-0.0002,0.0017,0.0056,0.1296,-1.3599,-2.8097
2.56,0.0069,0.6759,0.5039,0.0025,-0.0078,-0.0775,-0.0001,0.0017,0.0055,,,
2.56,0.0069,0.6759,0.5039,0.0025,-0.0078,-0.0775,-0.0001,0.0017,0.0055,0.1308,-1.3635,-2.811
2.58,0.0069,0.6757,0.5023,0.0025,-0.0076,-0.077,-0.0001,0.0016,0.0054,,,
2.58,0.0069,0.6757,0.5023,0.0025,-0.0076,-0.077,-0.0001,0.0016,0.0054,0.1319,-1.3669,-2.8122
2.6,0.007,0.6756,0.5007,0.0025,-0.0075,-0.0764,-0.0001,0.0015,0.0053,,,
2.6,0.007,0.6756,0.5007,0.0025,-0.0075,-0.0764,-0.0001,0.0015,0.0053,0.1329,-1.3702,-2.8133
2.62,0.007,0.6754,0.4992,0.0025,-0.0074,-0.0759,-0.0001,0.0014,0.0051,,,
2.62,0.007,0.6754,0.4992,0.0025,-0.0074,-0.0759,-0.0001,0.0014,0.0051,0.1339,-1.3733,-2.8146
2.64,0.0071,0.6752,0.4976,0.0025,-0.0072,-0.0754,-0.0001,0.0013,0.005,,,
2.64,0.0071,0.6752,0.4976,0.0025,-0.0072,-0.0754,-0.0001,0.0013,0.005,0.1348,-1.3762,-2.8158
2.66,0.0071,0.675,0.4961,0.0024,-0.0071,-0.0749,-0.0001,0.0013,0.0049,,,
2.66,0.0071,0.675,0.4961,0.0024,-0.0071,-0.0749,-0.0001,0.0013,0.0049,0.1358,-1.3788,-2.8172
2.68,0.0072,0.6749,0.4946,0.0024,-0.007,-0.0744,-0.0001,0.0012,0.0048,,,
2.68,0.0072,0.6749,0.4946,0.0024,-0.007,-0.0744,-0.0001,0.0012,0.0048,0.1368,-1.3814,-2.8185
2.7,0.0072,0.6747,0.493,0.0024,-0.0069,-0.074,-0.0001,0.0011,0.0047,,,
2.7,0.0072,0.6747,0.493,0.0024,-0.0069,-0.074,-0.0001,0.0011,0.0047,0.1377,-1.3838,-2.8198
2.72,0.0073,0.6745,0.4915,0.0024,-0.0068,-0.0735,-0.0001,0.001,0.0046,,,
2.72,0.0073,0.6745,0.4915,0.0024,-0.0068,-0.0735,-0.0001,0.001,0.0046,0.1386,-1.386,-2.8211
2.74,0.0073,0.6744,0.49,0.0024,-0.0067,-0.0731,-0.0001,0.001,0.0045,,,
2.74,0.0073,0.6744,0.49,0.0024,-0.0067,-0.0731,-0.0001,0.001,0.0045,0.1395,-1.3881,-2.8225
2.76,0.0074,0.6742,0.4885,0.0024,-0.0066,-0.0726,-0.0001,0.0009,0.0044,,,
2.76,0.0074,0.6742,0.4885,0.0024,-0.0066,-0.0726,-0.0001,0.0009,0.0044,0.1403,-1.3901,-2.8238
2.78,0.0074,0.674,0.4871,0.0024,-0.0065,-0.0722,-0.0001,0.0009,0.0043,,,
2.78,0.0074,0.674,0.4871,0.0024,-0.0065,-0.0722,-0.0001,0.0009,0.0043,0.1412,-1.3919,-2.8252
2.8,0.0075,0.6739,0.4856,0.0024,-0.0064,-0.0718,-0.0001,0.0009,0.0042,,,
2.8,0.0075,0.6739,0.4856,0.0024,-0.0064,-0.0718,-0.0001,0.0009,0.0042,0.142,-1.3936,-2.8266
2.82,0.0075,0.6737,0.4841,0.0024,-0.0063,-0.0713,-0.0001,0.0008,0.0041,,,
2.82,0.0075,0.6737,0.4841,0.0024,-0.0063,-0.0713,-0.0001,0.0008,0.0041,0.1427,-1.3953,-2.8279
2.84,0.0076,0.6736,0.4827,0.0023,-0.0062,-0.0709,-0.0001,0.0008,0.0041,,,
2.84,0.0076,0.6736,0.4827,0.0023,-0.0062,-0.0709,-0.0001,0.0008,0.0041,0.1436,-1.3968,-2.8294
2.86,0.0076,0.6734,0.4812,0.0023,-0.0062,-0.0705,-0.0001,0.0007,0.004,,,
2.86,0.0076,0.6734,0.4812,0.0023,-0.0062,-0.0705,-0.0001,0.0007,0.004,0.1443,-1.3982,-2.8307
2.88,0.0077,0.6733,0.4798,0.0023,-0.0061,-0.0702,-0.0001,0.0007,0.0039,,,
2.88,0.0077,0.6733,0.4798,0.0023,-0.0061,-0.0702,-0.0001,0.0007,0.0039,0.145,-1.3995,-2.832
2.9,0.0077,0.6731,0.4784,0.0023,-0.006,-0.0698,-0.0001,0.0007,0.0038,,,
2.9,0.0077,0.6731,0.4784,0.0023,-0.006,-0.0698,-0.0001,0.0007,0.0038,0.1459,-1.4007,-2.8336
2.92,0.0078,0.673,0.4769,0.0023,-0.006,-0.0694,-0.0001,0.0006,0.0037,,,
2.92,0.0078,0.673,0.4769,0.0023,-0.006,-0.0694,-0.0001,0.0006,0.0037,0.1466,-1.4019,-2.8349
2.94,0.0078,0.6728,0.4755,0.0023,-0.0059,-0.069,-0.0001,0.0006,0.0036,,,
2.94,0.0078,0.6728,0.4755,0.0023,-0.0059,-0.069,-0.0001,0.0006,0.0036,0.1472,-1.403,-2.8362
2.96,0.0079,0.6727,0.4741,0.0023,-0.0059,-0.0687,-0.0001,0.0005,0.0035,,,
2.96,0.0079,0.6727,0.4741,0.0023,-0.0059,-0.0687,-0.0001,0.0005,0.0035,0.1479,-1.404,-2.8376
2.98,0.0079,0.6726,0.4727,0.0023,-0.0058,-0.0683,-0.0001,0.0006,0.0035,,,
2.98,0.0079,0.6726,0.4727,0.0023,-0.0058,-0.0683,-0.0001,0.0006,0.0035,0.1487,-1.4049,-2.8391
3,0.008,0.6724,0.4713,0.0023,-0.0058,-0.068,-0.0001,0.0005,0.0034,,,
3,0.008,0.6724,0.4713,0.0023,-0.0058,-0.068,-0.0001,0.0005,0.0034,0.1492,-1.4058,-2.8403
3.02,0.008,0.6723,0.4699,0.0022,-0.0057,-0.0677,-0.0001,0.0005,0.0033,,,
3.02,0.008,0.6723,0.4699,0.0022,-0.0057,-0.0677,-0.0001,0.0005,0.0033,0.1499,-1.4066,-2.8418
3.04,0.0081,0.6721,0.4686,0.0022,-0.0057,-0.0673,-0.0001,0.0004,0.0032,,,
3.04,0.0081,0.6721,0.4686,0.0022,-0.0057,-0.0673,-0.0001,0.0004,0.0032,0.1506,-1.4073,-2.8432
3.06,0.0081,0.672,0.4672,0.0022,-0.0056,-0.067,-0.0001,0.0004,0.0032,,,
3.06,0.0081,0.672,0.4672,0.0022,-0.0056,-0.067,-0.0001,0.0004,0.0032,0.1512,-1.408,-2.8445
3.08,0.0082,0.6719,0.4658,0.0022,-0.0056,-0.0667,-0.0001,0.0004,0.0031,,,
3.08,0.0082,0.6719,0.4658,0.0022,-0.0056,-0.0667,-0.0001,0.0004,0.0031,0.1518,-1.4087,-2.8458
3.1,0.0082,0.6717,0.4645,0.0022,-0.0056,-0.0664,-0.0001,0.0004,0.003,,,
3.1,0.0082,0.6717,0.4645,0.0022,-0.0056,-0.0664,-0.0001,0.0004,0.003,0.1523,-1.4092,-2.8472
3.12,0.0083,0.6716,0.4631,0.0022,-0.0055,-0.0661,-0.0001,0.0003,0.003,,,
3.12,0.0083,0.6716,0.4631,0.0022,-0.0055,-0.0661,-0.0001,0.0003,0.003,0.1529,-1.4098,-2.8486
3.14,0.0083,0.6715,0.4617,0.0022,-0.0055,-0.0658,-0.0001,0.0003,0.0029,,,
3.14,0.0083,0.6715,0.4617,0.0022,-0.0055,-0.0658,-0.0001,0.0003,0.0029,0.1535,-1.4103,-2.8499
3.16,0.0084,0.6713,0.4604,0.0022,-0.0055,-0.0655,-0.0001,0.0003,0.0028,,,
3.16,0.0084,0.6713,0.4604,0.0022,-0.0055,-0.0655,-0.0001,0.0003,0.0028,0.154,-1.4107,-2.8512
3.18,0.0084,0.6712,0.4591,0.0022,-0.0054,-0.0653,-0.0001,0.0003,0.0028,,,
3.18,0.0084,0.6712,0.4591,0.0022,-0.0054,-0.0653,-0.0001,0.0003,0.0028,0.1546,-1.4111,-2.8526
3.2,0.0085,0.6711,0.4577,0.0022,-0.0054,-0.065,-0.0001,0.0003,0.0027,,,
3.2,0.0085,0.6711,0.4577,0.0022,-0.0054,-0.065,-0.0001,0.0003,0.0027,0.1551,-1.4115,-2.8538
3.22,0.0085,0.6709,0.4564,0.0022,-0.0054,-0.0647,-0.0001,0.0003,0.0027,,,
3.22,0.0085,0.6709,0.4564,0.0022,-0.0054,-0.0647,-0.0001,0.0003,0.0027,0.1556,-1.4118,-2.8551
3.24,0.0085,0.6708,0.4551,0.0021,-0.0054,-0.0645,-0.0001,0.0002,0.0026,,,
3.24,0.0085,0.6708,0.4551,0.0021,-0.0054,-0.0645,-0.0001,0.0002,0.0026,0.1561,-1.4121,-2.8565
3.26,0.0086,0.6707,0.4538,0.0021,-0.0053,-0.0642,-0.0001,0.0002,0.0025,,,
3.26,0.0086,0.6707,0.4538,0.0021,-0.0053,-0.0642,-0.0001,0.0002,0.0025,0.1566,-1.4124,-2.8577
3.28,0.0086,0.6705,0.4525,0.0021,-0.0053,-0.064,-0.0001,0.0002,0.0025,,,
3.28,0.0086,0.6705,0.4525,0.0021,-0.0053,-0.064,-0.0001,0.0002,0.0025,0.1571,-1.4126,-2.859
3.3,0.0087,0.6704,0.4512,0.0021,-0.0053,-0.0637,-0.0001,0.0002,0.0024,,,
3.3,0.0087,0.6704,0.4512,0.0021,-0.0053,-0.0637,-0.0001,0.0002,0.0024,0.1576,-1.4128,-2.8603
3.32,0.0087,0.6703,0.4499,0.0021,-0.0053,-0.0635,-0.0001,0.0001,0.0024,,,
3.32,0.0087,0.6703,0.4499,0.0021,-0.0053,-0.0635,-0.0001,0.0001,0.0024,0.158,-1.4131,-2.8614
3.34,0.0088,0.6702,0.4486,0.0021,-0.0053,-0.0633,-0.0001,0.0002,0.0023,,,
3.34,0.0088,0.6702,0.4486,0.0021,-0.0053,-0.0633,-0.0001,0.0002,0.0023,0.1586,-1.4131,-2.8629
3.36,0.0088,0.67,0.4473,0.0021,-0.0052,-0.063,-0.0001,0.0002,0.0023,,,
3.36,0.0088,0.67,0.4473,0.0021,-0.0052,-0.063,-0.0001,0.0002,0.0023,0.1589,-1.4133,-2.864
3.38,0.0089,0.6699,0.446,0.0021,-0.0052,-0.0628,-0.0001,0.0002,0.0022,,,
3.38,0.0089,0.6699,0.446,0.0021,-0.0052,-0.0628,-0.0001,0.0002,0.0022,0.1594,-1.4134,-2.8653
3.4,0.0089,0.6698,0.4447,0.0021,-0.0052,-0.0626,-0.0001,0.0001,0.0022,,,
3.4,0.0089,0.6698,0.4447,0.0021,-0.0052,-0.0626,-0.0001,0.0001,0.0022,0.1598,-1.4135,-2.8664
3.42,0.009,0.6696,0.4434,0.0021,-0.0052,-0.0624,-0.0001,0.0002,0.0021,,,
3.42,0.009,0.6696,0.4434,0.0021,-0.0052,-0.0624,-0.0001,0.0002,0.0021,0.1603,-1.4136,-2.8678
3.44,0.009,0.6695,0.4421,0.0021,-0.0052,-0.0622,-0.0001,0.0001,0.0021,,,
3.44,0.009,0.6695,0.4421,0.0021,-0.0052,-0.0622,-0.0001,0.0001,0.0021,0.1606,-1.4136,-2.8689
3.46,0.009,0.6694,0.4409,0.0021,-0.0052,-0.062,-0.0001,0.0001,0.002,,,
3.46,0.009,0.6694,0.4409,0.0021,-0.0052,-0.062,-0.0001,0.0001,0.002,0.1611,-1.4136,-2.8702
3.48,0.0091,0.6693,0.4396,0.002,-0.0052,-0.0618,-0.0001,0.0001,0.002,,,
3.48,0.0091,0.6693,0.4396,0.002,-0.0052,-0.0618,-0.0001,0.0001,0.002,0.1614,-1.4137,-2.8713
3.5,0.0091,0.6691,0.4383,0.002,-0.0051,-0.0616,-0.0001,0.0001,0.0019,,,
3.5,0.0091,0.6691,0.4383,0.002,-0.0051,-0.0616,-0.0001,0.0001,0.0019,0.1618,-1.4136,-2.8726
3.52,0.0092,0.669,0.4371,0.002,-0.0051,-0.0614,-0.0001,0.0001,0.0019,,,
3.52,0.0092,0.669,0.4371,0.002,-0.0051,-0.0614,-0.0001,0.0001,0.0019,0.1622,-1.4137,-2.8737
3.54,0.0092,0.6689,0.4358,0.002,-0.0051,-0.0612,-0.0001,0.0001,0.0018,,,
3.54,0.0092,0.6689,0.4358,0.002,-0.0051,-0.0612,-0.0001,0.0001,0.0018,0.1625,-1.4137,-2.8748
3.56,0.0093,0.6688,0.4346,0.002,-0.0051,-0.061,-0.0001,0.0001,0.0018,,,
3.56,0.0093,0.6688,0.4346,0.002,-0.0051,-0.061,-0.0001,0.0001,0.0018,0.1628,-1.4136,-2.8759
3.58,0.0093,0.6686,0.4333,0.002,-0.0051,-0.0609,-0.0001,0.0001,0.0018,,,
3.58,0.0093,0.6686,0.4333,0.002,-0.0051,-0.0609,-0.0001,0.0001,0.0018,0.1633,-1.4135,-2.8772
3.6,0.0093,0.6685,0.4321,0.002,-0.0051,-0.0607,-0.0001,0.0001,0.0017,,,
3.6,0.0093,0.6685,0.4321,0.002,-0.0051,-0.0607,-0.0001,0.0001,0.0017,0.1637,-1.4134,-2.8783
3.62,0.0094,0.6684,0.4308,0.002,-0.0051,-0.0605,-0.0001,0.0001,0.0017,,,
3.62,0.0094,0.6684,0.4308,0.002,-0.0051,-0.0605,-0.0001,0.0001,0.0017,0.1639,-1.4134,-2.8793
3.64,0.0094,0.6683,0.4296,0.002,-0.0051,-0.0604,-0.0001,0.0001,0.0016,,,
3.64,0.0094,0.6683,0.4296,0.002,-0.0051,-0.0604,-0.0001,0.0001,0.0016,0.1643,-1.4133,-2.8805
3.66,0.0095,0.6681,0.4284,0.002,-0.0051,-0.0602,-0.0001,0,0.0016,,,
3.66,0.0095,0.6681,0.4284,0.002,-0.0051,-0.0602,-0.0001,0,0.0016,0.1645,-1.4132,-2.8815
3.68,0.0095,0.668,0.4271,0.002,-0.0051,-0.06,-0.0001,0.0001,0.0016,,,
3.68,0.0095,0.668,0.4271,0.002,-0.0051,-0.06,-0.0001,0.0001,0.0016,0.165,-1.413,-2.8828
3.7,0.0096,0.6679,0.4259,0.002,-0.0051,-0.0599,-0.0001,0,0.0015,,,
3.7,0.0096,0.6679,0.4259,0.002,-0.0051,-0.0599,-0.0001,0,0.0015,0.1652,-1.413,-2.8837
3.72,0.0096,0.6678,0.4247,0.002,-0.0051,-0.0597,-0.0001,0,0.0015,,,
3.72,0.0096,0.6678,0.4247,0.002,-0.0051,-0.0597,-0.0001,0,0.0015,0.1655,-1.4128,-2.8848
3.74,0.0096,0.6677,0.4235,0.0019,-0.0051,-0.0596,-0.0001,0.0001,0.0015,,,
3.74,0.0096,0.6677,0.4235,0.0019,-0.0051,-0.0596,-0.0001,0.0001,0.0015,0.1659,-1.4126,-2.886
3.76,0.0097,0.6675,0.4223,0.0019,-0.0051,-0.0594,-0.0001,0,0.0014,,,
3.76,0.0097,0.6675,0.4223,0.0019,-0.0051,-0.0594,-0.0001,0,0.0014,0.166,-1.4126,-2.8869
3.78,0.0097,0.6674,0.421,0.0019,-0.005,-0.0593,-0.0001,0,0.0014,,,
3.78,0.0097,0.6674,0.421,0.0019,-0.005,-0.0593,-0.0001,0,0.0014,0.1664,-1.4124,-2.888
3.8,0.0098,0.6673,0.4198,0.0019,-0.005,-0.0592,-0.0001,0.0001,0.0014,,,
3.8,0.0098,0.6673,0.4198,0.0019,-0.005,-0.0592,-0.0001,0.0001,0.0014,0.1667,-1.4122,-2.8891
3.82,0.0098,0.6672,0.4186,0.0019,-0.005,-0.059,-0.0001,0,0.0013,,,
3.82,0.0098,0.6672,0.4186,0.0019,-0.005,-0.059,-0.0001,0,0.0013,0.1669,-1.4121,-2.89
3.84,0.0098,0.667,0.4174,0.0019,-0.005,-0.0589,-0.0001,0.0001,0.0013,,,
3.84,0.0098,0.667,0.4174,0.0019,-0.005,-0.0589,-0.0001,0.0001,0.0013,0.1672,-1.4118,-2.8912
3.86,0.0099,0.6669,0.4162,0.0019,-0.005,-0.0588,-0.0001,0,0.0013,,,
3.86,0.0099,0.6669,0.4162,0.0019,-0.005,-0.0588,-0.0001,0,0.0013,0.1675,-1.4117,-2.8922
3.88,0.0099,0.6668,0.415,0.0019,-0.005,-0.0587,-0.0001,0,0.0012,,,
3.88,0.0099,0.6668,0.415,0.0019,-0.005,-0.0587,-0.0001,0,0.0012,0.1677,-1.4115,-2.8932
3.9,0.01,0.6667,0.4138,0.0019,-0.005,-0.0585,-0.0001,0,0.0012,,,
3.9,0.01,0.6667,0.4138,0.0019,-0.005,-0.0585,-0.0001,0,0.0012,0.168,-1.4113,-2.8942
3.92,0.01,0.6666,0.4126,0.0019,-0.005,-0.0584,-0.0001,0,0.0012,,,
3.92,0.01,0.6666,0.4126,0.0019,-0.005,-0.0584,-0.0001,0,0.0012,0.1681,-1.4112,-2.8951
3.94,0.01,0.6664,0.4114,0.0019,-0.005,-0.0583,-0.0001,0,0.0012,,,
3.94,0.01,0.6664,0.4114,0.0019,-0.005,-0.0583,-0.0001,0,0.0012,0.1685,-1.4109,-2.8962
3.96,0.0101,0.6663,0.4102,0.0019,-0.005,-0.0582,-0.0001,0,0.0011,,,
3.96,0.0101,0.6663,0.4102,0.0019,-0.005,-0.0582,-0.0001,0,0.0011,0.1686,-1.4107,-2.8971
3.98,0.0101,0.6662,0.409,0.0018,-0.005,-0.0581,-0.0001,0,0.0011,,,
3.98,0.0101,0.6662,0.409,0.0018,-0.005,-0.0581,-0.0001,0,0.0011,0.1689,-1.4105,-2.8982
4,0.0102,0.6661,0.4078,0.0018,-0.005,-0.058,-0.0001,0,0.0011,,,
4,0.0102,0.6661,0.4078,0.0018,-0.005,-0.058,-0.0001,0,0.0011,0.1691,-1.4103,-2.8991
4.02,0.0102,0.6659,0.4066,0.0018,-0.005,-0.0579,-0.0001,0,0.001,,,
4.02,0.0102,0.6659,0.4066,0.0018,-0.005,-0.0579,-0.0001,0,0.001,0.1694,-1.4101,-2.9001
4.04,0.0102,0.6658,0.4055,0.0018,-0.005,-0.0578,-0.0001,0,0.001,,,
4.04,0.0102,0.6658,0.4055,0.0018,-0.005,-0.0578,-0.0001,0,0.001,0.1695,-1.4099,-2.9009
4.06,0.0103,0.6657,0.4043,0.0018,-0.005,-0.0577,-0.0001,0,0.001,,,
4.06,0.0103,0.6657,0.4043,0.0018,-0.005,-0.0577,-0.0001,0,0.001,0.1698,-1.4097,-2.902
4.08,0.0103,0.6656,0.4031,0.0018,-0.005,-0.0576,-0.0001,0,0.001,,,
4.08,0.0103,0.6656,0.4031,0.0018,-0.005,-0.0576,-0.0001,0,0.001,0.1699,-1.4095,-2.9028
4.1,0.0104,0.6655,0.4019,0.0018,-0.005,-0.0575,-0.0001,0,0.0009,,,
4.1,0.0104,0.6655,0.4019,0.0018,-0.005,-0.0575,-0.0001,0,0.0009,0.1702,-1.4092,-2.9038
4.12,0.0104,0.6653,0.4007,0.0018,-0.005,-0.0574,-0.0001,0,0.0009,,,
4.12,0.0104,0.6653,0.4007,0.0018,-0.005,-0.0574,-0.0001,0,0.0009,0.1703,-1.409,-2.9047
4.14,0.0104,0.6652,0.3996,0.0018,-0.005,-0.0573,-0.0001,0,0.0009,,,
4.14,0.0104,0.6652,0.3996,0.0018,-0.005,-0.0573,-0.0001,0,0.0009,0.1706,-1.4088,-2.9057
4.16,0.0105,0.6651,0.3984,0.0018,-0.005,-0.0572,-0.0001,0,0.0009,,,
4.16,0.0105,0.6651,0.3984,0.0018,-0.005,-0.0572,-0.0001,0,0.0009,0.1707,-1.4086,-2.9065
4.18,0.0105,0.665,0.3972,0.0018,-0.005,-0.0571,-0.0001,0,0.0009,,,
4.18,0.0105,0.665,0.3972,0.0018,-0.005,-0.0571,-0.0001,0,0.0009,0.1709,-1.4083,-2.9074
4.2,0.0106,0.6648,0.3961,0.0018,-0.005,-0.057,-0.0001,0,0.0008,,,
4.2,0.0106,0.6648,0.3961,0.0018,-0.005,-0.057,-0.0001,0,0.0008,0.1711,-1.4081,-2.9083
4.22,0.0106,0.6647,0.3949,0.0017,-0.005,-0.057,-0.0001,0,0.0008,,,
4.22,0.0106,0.6647,0.3949,0.0017,-0.005,-0.057,-0.0001,0,0.0008,0.1713,-1.4079,-2.9092
4.24,0.0106,0.6646,0.3937,0.0017,-0.005,-0.0569,-0.0001,0,0.0008,,,
4.24,0.0106,0.6646,0.3937,0.0017,-0.005,-0.0569,-0.0001,0,0.0008,0.1714,-1.4077,-2.9101
4.26,0.0107,0.6645,0.3926,0.0017,-0.005,-0.0568,-0.0001,0,0.0008,,,
4.26,0.0107,0.6645,0.3926,0.0017,-0.005,-0.0568,-0.0001,0,0.0008,0.1716,-1.4074,-2.911
4.28,0.0107,0.6644,0.3914,0.0017,-0.005,-0.0567,-0.0001,0,0.0008,,,
4.28,0.0107,0.6644,0.3914,0.0017,-0.005,-0.0567,-0.0001,0,0.0008,0.1719,-1.4071,-2.9119
4.3,0.0107,0.6642,0.3902,0.0017,-0.005,-0.0567,-0.0001,0,0.0007,,,
4.3,0.0107,0.6642,0.3902,0.0017,-0.005,-0.0567,-0.0001,0,0.0007,0.1719,-1.4069,-2.9126
4.32,0.0108,0.6641,0.3891,0.0017,-0.005,-0.0566,-0.0001,0,0.0007,,,
4.32,0.0108,0.6641,0.3891,0.0017,-0.005,-0.0566,-0.0001,0,0.0007,0.1722,-1.4067,-2.9137
4.34,0.0108,0.664,0.3879,0.0017,-0.005,-0.0565,-0.0001,0,0.0007,,,
4.34,0.0108,0.664,0.3879,0.0017,-0.005,-0.0565,-0.0001,0,0.0007,0.1722,-1.4065,-2.9143
4.36,0.0109,0.6639,0.3868,0.0017,-0.005,-0.0564,-0.0001,0,0.0007,,,
4.36,0.0109,0.6639,0.3868,0.0017,-0.005,-0.0564,-0.0001,0,0.0007,0.1724,-1.4062,-2.9153
4.38,0.0109,0.6638,0.3856,0.0017,-0.005,-0.0564,-0.0001,0,0.0007,,,
4.38,0.0109,0.6638,0.3856,0.0017,-0.005,-0.0564,-0.0001,0,0.0007,0.1726,-1.4059,-2.9161
4.4,0.0109,0.6636,0.3845,0.0017,-0.005,-0.0563,-0.0001,0,0.0006,,,
4.4,0.0109,0.6636,0.3845,0.0017,-0.005,-0.0563,-0.0001,0,0.0006,0.1727,-1.4057,-2.9169
4.42,0.011,0.6635,0.3833,0.0017,-0.005,-0.0562,-0.0001,0,0.0006,,,
4.42,0.011,0.6635,0.3833,0.0017,-0.005,-0.0562,-0.0001,0,0.0006,0.1729,-1.4055,-2.9178
4.44,0.011,0.6634,0.3822,0.0016,-0.005,-0.0562,-0.0001,0,0.0006,,,
4.44,0.011,0.6634,0.3822,0.0016,-0.005,-0.0562,-0.0001,0,0.0006,0.173,-1.4052,-2.9185
4.46,0.011,0.6633,0.381,0.0016,-0.005,-0.0561,-0.0001,0,0.0006,,,
4.46,0.011,0.6633,0.381,0.0016,-0.005,-0.0561,-0.0001,0,0.0006,0.1731,-1.405,-2.9194
4.48,0.0111,0.6631,0.3799,0.0016,-0.005,-0.0561,-0.0001,0,0.0006,,,
4.48,0.0111,0.6631,0.3799,0.0016,-0.005,-0.0561,-0.0001,0,0.0006,0.1733,-1.4047,-2.9202
4.5,0.0111,0.663,0.3787,0.0016,-0.005,-0.056,-0.0001,0,0.0006,,,
4.5,0.0111,0.663,0.3787,0.0016,-0.005,-0.056,-0.0001,0,0.0006,0.1734,-1.4045,-2.921
4.52,0.0111,0.6629,0.3776,0.0016,-0.005,-0.056,-0.0001,0,0.0006,,,
4.52,0.0111,0.6629,0.3776,0.0016,-0.005,-0.056,-0.0001,0,0.0006,0.1735,-1.4043,-2.9217
4.54,0.0112,0.6628,0.3764,0.0016,-0.005,-0.0559,-0.0001,0,0.0005,,,
4.54,0.0112,0.6628,0.3764,0.0016,-0.005,-0.0559,-0.0001,0,0.0005,0.1737,-1.404,-2.9226
4.56,0.0112,0.6627,0.3753,0.0016,-0.005,-0.0558,-0.0001,0,0.0005,,,
4.56,0.0112,0.6627,0.3753,0.0016,-0.005,-0.0558,-0.0001,0,0.0005,0.1738,-1.4038,-2.9234
4.58,0.0112,0.6625,0.3741,0.0016,-0.005,-0.0558,-0.0001,0,0.0005,,,
4.58,0.0112,0.6625,0.3741,0.0016,-0.005,-0.0558,-0.0001,0,0.0005,0.1739,-1.4035,-2.9242
4.6,0.0113,0.6624,0.373,0.0016,-0.005,-0.0557,-0.0001,0,0.0005,,,
4.6,0.0113,0.6624,0.373,0.0016,-0.005,-0.0557,-0.0001,0,0.0005,0.174,-1.4033,-2.925
4.62,0.0113,0.6623,0.3718,0.0016,-0.005,-0.0557,-0.0001,0,0.0005,,,
4.62,0.0113,0.6623,0.3718,0.0016,-0.005,-0.0557,-0.0001,0,0.0005,0.1741,-1.403,-2.9258
4.64,0.0113,0.6622,0.3707,0.0015,-0.005,-0.0556,-0.0001,0,0.0005,,,
4.64,0.0113,0.6622,0.3707,0.0015,-0.005,-0.0556,-0.0001,0,0.0005,0.1742,-1.4028,-2.9265
4.66,0.0114,0.6621,0.3696,0.0015,-0.005,-0.0556,-0.0001,0,0.0005,,,
4.66,0.0114,0.6621,0.3696,0.0015,-0.005,-0.0556,-0.0001,0,0.0005,0.1744,-1.4025,-2.9273
4.68,0.0114,0.6619,0.3684,0.0015,-0.005,-0.0556,-0.0001,0,0.0004,,,
4.68,0.0114,0.6619,0.3684,0.0015,-0.005,-0.0556,-0.0001,0,0.0004,0.1744,-1.4023,-2.928
4.7,0.0114,0.6618,0.3673,0.0015,-0.005,-0.0555,-0.0001,0,0.0004,,,
4.7,0.0114,0.6618,0.3673,0.0015,-0.005,-0.0555,-0.0001,0,0.0004,0.1745,-1.402,-2.9287
4.72,0.0115,0.6617,0.3661,0.0015,-0.005,-0.0555,-0.0001,0,0.0004,,,
4.72,0.0115,0.6617,0.3661,0.0015,-0.005,-0.0555,-0.0001,0,0.0004,0.1747,-1.4018,-2.9296
4.74,0.0115,0.6616,0.365,0.0015,-0.005,-0.0554,-0.0001,0,0.0004,,,
4.74,0.0115,0.6616,0.365,0.0015,-0.005,-0.0554,-0.0001,0,0.0004,0.1748,-1.4015,-2.9304
4.76,0.0115,0.6614,0.3639,0.0015,-0.005,-0.0554,-0.0001,0,0.0004,,,
4.76,0.0115,0.6614,0.3639,0.0015,-0.005,-0.0554,-0.0001,0,0.0004,0.1749,-1.4013,-2.9311
4.78,0.0116,0.6613,0.3627,0.0015,-0.005,-0.0553,-0.0001,0,0.0004,,,
4.78,0.0116,0.6613,0.3627,0.0015,-0.005,-0.0553,-0.0001,0,0.0004,0.1749,-1.4011,-2.9317
4.8,0.0116,0.6612,0.3616,0.0015,-0.005,-0.0553,-0.0001,0,0.0004,,,
4.8,0.0116,0.6612,0.3616,0.0015,-0.005,-0.0553,-0.0001,0,0.0004,0.175,-1.4008,-2.9325
4.82,0.0116,0.6611,0.3605,0.0015,-0.005,-0.0553,-0.0001,0,0.0004,,,
4.82,0.0116,0.6611,0.3605,0.0015,-0.005,-0.0553,-0.0001,0,0.0004,0.1752,-1.4006,-2.9333
4.84,0.0117,0.661,0.3593,0.0014,-0.005,-0.0552,-0.0001,0,0.0004,,,
4.84,0.0117,0.661,0.3593,0.0014,-0.005,-0.0552,-0.0001,0,0.0004,0.1752,-1.4004,-2.9339
4.86,0.0117,0.6608,0.3582,0.0014,-0.005,-0.0552,-0.0001,0,0.0003,,,
4.86,0.0117,0.6608,0.3582,0.0014,-0.005,-0.0552,-0.0001,0,0.0003,0.1753,-1.4001,-2.9347
4.88,0.0117,0.6607,0.3571,0.0014,-0.005,-0.0552,-0.0001,0,0.0003,,,
4.88,0.0117,0.6607,0.3571,0.0014,-0.005,-0.0552,-0.0001,0,0.0003,0.1754,-1.3999,-2.9354
4.9,0.0118,0.6606,0.356,0.0014,-0.005,-0.0551,-0.0001,0,0.0003,,,
4.9,0.0118,0.6606,0.356,0.0014,-0.005,-0.0551,-0.0001,0,0.0003,0.1755,-1.3996,-2.9361
4.92,0.0118,0.6605,0.3548,0.0014,-0.005,-0.0551,-0.0001,0,0.0003,,,
4.92,0.0118,0.6605,0.3548,0.0014,-0.005,-0.0551,-0.0001,0,0.0003,0.1755,-1.3994,-2.9367
4.94,0.0118,0.6604,0.3537,0.0014,-0.005,-0.0551,-0.0001,0,0.0003,,,
4.94,0.0118,0.6604,0.3537,0.0014,-0.005,-0.0551,-0.0001,0,0.0003,0.1756,-1.3991,-2.9375
4.96,0.0119,0.6602,0.3526,0.0015,-0.0049,-0.055,0.0007,0.0013,0.0003,,,
4.96,0.0119,0.6602,0.3526,0.0015,-0.0049,-0.055,0.0007,0.0013,0.0003,0.1829,-1.3993,-2.946
4.98,0.0119,0.6601,0.3514,0.0015,-0.0049,-0.055,0.0008,-0.0002,0.0001,,,
4.98,0.0119,0.6601,0.3514,0.0015,-0.0049,-0.055,0.0008,-0.0002,0.0001,0.1839,-1.4017,-2.947
5,0.0119,0.6599,0.3502,0.0015,-0.0065,-0.0574,-0.0008,-0.0154,-0.0237,,,
5,0.0119,0.6599,0.3502,0.0015,-0.0065,-0.0574,-0.0008,-0.0154,-0.0237,0.1525,-1.3923,-2.9148
5.02,0.012,0.6598,0.349,0.0014,-0.0067,-0.0585,-0.0004,-0.0026,-0.0106,,,
5.02,0.012,0.6598,0.349,0.0014,-0.0067,-0.0585,-0.0004,-0.0026,-0.0106,0.1601,-1.3613,-2.9319
5.04,0.012,0.6597,0.3478,0.0014,-0.007,-0.0595,-0.0004,-0.0026,-0.0107,,,
5.04,0.012,0.6597,0.3478,0.0014,-0.007,-0.0595,-0.0004,-0.0026,-0.0107,0.1576,-1.355,-2.931
5.06,0.012,0.6595,0.3466,0.0013,-0.0072,-0.0606,-0.0004,-0.0026,-0.0106,,,
5.06,0.012,0.6595,0.3466,0.0013,-0.0072,-0.0606,-0.0004,-0.0026,-0.0106,0.1556,-1.3488,-2.9305
5.08,0.012,0.6594,0.3454,0.0013,-0.0075,-0.0617,-0.0004,-0.0026,-0.0106,,,
5.08,0.012,0.6594,0.3454,0.0013,-0.0075,-0.0617,-0.0004,-0.0026,-0.0106,0.1536,-1.3427,-2.93
5.1,0.0121,0.6592,0.3441,0.0012,-0.0077,-0.0627,-0.0004,-0.0025,-0.0106,,,
5.1,0.0121,0.6592,0.3441,0.0012,-0.0077,-0.0627,-0.0004,-0.0025,-0.0106,0.1516,-1.3365,-2.9296
5.12,0.0121,0.6591,0.3428,0.0012,-0.008,-0.0638,-0.0005,-0.0025,-0.0106,,,
5.12,0.0121,0.6591,0.3428,0.0012,-0.008,-0.0638,-0.0005,-0.0025,-0.0106,0.1496,-1.3304,-2.9291
5.14,0.0121,0.6589,0.3415,0.0012,-0.0082,-0.0648,-0.0005,-0.0025,-0.0106,,,
5.14,0.0121,0.6589,0.3415,0.0012,-0.0082,-0.0648,-0.0005,-0.0025,-0.0106,0.1476,-1.3243,-2.9286
5.16,0.0121,0.6587,0.3402,0.0011,-0.0085,-0.0659,-0.0005,-0.0025,-0.0106,,,
5.16,0.0121,0.6587,0.3402,0.0011,-0.0085,-0.0659,-0.0005,-0.0025,-0.0106,0.1455,-1.3182,-2.9281
5.18,0.0122,0.6586,0.3389,0.0011,-0.0087,-0.0669,-0.0005,-0.0025,-0.0106,,,
5.18,0.0122,0.6586,0.3389,0.0011,-0.0087,-0.0669,-0.0005,-0.0025,-0.0106,0.1435,-1.3122,-2.9277
5.2,0.0122,0.6584,0.3375,0.001,-0.009,-0.068,-0.0005,-0.0025,-0.0106,,,
5.2,0.0122,0.6584,0.3375,0.001,-0.009,-0.068,-0.0005,-0.0025,-0.0106,0.1415,-1.3061,-2.9272
5.22,0.0122,0.6582,0.3361,0.001,-0.0092,-0.0691,-0.0005,-0.0025,-0.0105,,,
5.22,0.0122,0.6582,0.3361,0.001,-0.0092,-0.0691,-0.0005,-0.0025,-0.0105,0.1395,-1.3001,-2.9267
5.24,0.0122,0.658,0.3347,0.0009,-0.0095,-0.0701,-0.0005,-0.0024,-0.0105,,,
5.24,0.0122,0.658,0.3347,0.0009,-0.0095,-0.0701,-0.0005,-0.0024,-0.0105,0.1375,-1.2941,-2.9262
5.26,0.0122,0.6578,0.3333,0.0008,-0.0097,-0.0712,-0.0005,-0.0024,-0.0105,,,
5.26,0.0122,0.6578,0.3333,0.0008,-0.0097,-0.0712,-0.0005,-0.0024,-0.0105,0.1355,-1.2881,-2.9257
5.28,0.0123,0.6576,0.3319,0.0008,-0.01,-0.0722,-0.0006,-0.0024,-0.0105,,,
5.28,0.0123,0.6576,0.3319,0.0008,-0.01,-0.0722,-0.0006,-0.0024,-0.0105,0.1335,-1.2822,-2.9252
5.3,0.0123,0.6574,0.3304,0.0007,-0.0102,-0.0733,-0.0006,-0.0024,-0.0105,,,
5.3,0.0123,0.6574,0.3304,0.0007,-0.0102,-0.0733,-0.0006,-0.0024,-0.0105,0.1315,-1.2762,-2.9246
5.32,0.0123,0.6572,0.3289,0.0007,-0.0104,-0.0743,-0.0006,-0.0024,-0.0105,,,
5.32,0.0123,0.6572,0.3289,0.0007,-0.0104,-0.0743,-0.0006,-0.0024,-0.0105,0.1294,-1.2703,-2.9241
5.34,0.0123,0.657,0.3274,0.0006,-0.0107,-0.0754,-0.0006,-0.0024,-0.0105,,,
5.34,0.0123,0.657,0.3274,0.0006,-0.0107,-0.0754,-0.0006,-0.0024,-0.0105,0.1274,-1.2644,-2.9236
5.36,0.0123,0.6568,0.3259,0.0006,-0.0109,-0.0764,-0.0006,-0.0023,-0.0104,,,
5.36,0.0123,0.6568,0.3259,0.0006,-0.0109,-0.0764,-0.0006,-0.0023,-0.0104,0.1254,-1.2586,-2.9231
5.38,0.0123,0.6565,0.3243,0.0005,-0.0111,-0.0774,-0.0006,-0.0023,-0.0104,,,
5.38,0.0123,0.6565,0.3243,0.0005,-0.0111,-0.0774,-0.0006,-0.0023,-0.0104,0.1234,-1.2527,-2.9225
5.4,0.0123,0.6563,0.3228,0.0004,-0.0114,-0.0785,-0.0006,-0.0023,-0.0104,,,
5.4,0.0123,0.6563,0.3228,0.0004,-0.0114,-0.0785,-0.0006,-0.0023,-0.0104,0.1214,-1.2469,-2.922
5.42,0.0123,0.6561,0.3212,0.0004,-0.0116,-0.0795,-0.0006,-0.0023,-0.0104,,,
5.42,0.0123,0.6561,0.3212,0.0004,-0.0116,-0.0795,-0.0006,-0.0023,-0.0104,0.1194,-1.2411,-2.9215
5.44,0.0123,0.6558,0.3196,0.0003,-0.0118,-0.0806,-0.0006,-0.0023,-0.0104,,,
5.44,0.0123,0.6558,0.3196,0.0003,-0.0118,-0.0806,-0.0006,-0.0023,-0.0104,0.1174,-1.2353,-2.9209
5.46,0.0123,0.6556,0.3179,0.0002,-0.0121,-0.0816,-0.0007,-0.0023,-0.0104,,,
5.46,0.0123,0.6556,0.3179,0.0002,-0.0121,-0.0816,-0.0007,-0.0023,-0.0104,0.1154,-1.2295,-2.9204
5.48,0.0123,0.6554,0.3163,0.0002,-0.0123,-0.0826,-0.0007,-0.0023,-0.0104,,,
5.48,0.0123,0.6554,0.3163,0.0002,-0.0123,-0.0826,-0.0007,-0.0023,-0.0104,0.1134,-1.2238,-2.9198
5.5,0.0123,0.6551,0.3146,0.0001,-0.0125,-0.0837,-0.0007,-0.0023,-0.0104,,,
5.5,0.0123,0.6551,0.3146,0.0001,-0.0125,-0.0837,-0.0007,-0.0023,-0.0104,0.1113,-1.218,-2.9192
5.52,0.0123,0.6549,0.3129,0,-0.0127,-0.0847,-0.0007,-0.0022,-0.0103,,,
5.52,0.0123,0.6549,0.3129,0,-0.0127,-0.0847,-0.0007,-0.0022,-0.0103,0.1093,-1.2123,-2.9187
5.54,0.0123,0.6546,0.3112,0,-0.013,-0.0857,-0.0007,-0.0022,-0.0103,,,
5.54,0.0123,0.6546,0.3112,0,-0.013,-0.0857,-0.0007,-0.0022,-0.0103,0.1073,-1.2066,-2.9181
5.56,0.0123,0.6543,0.3095,-0.0001,-0.0132,-0.0868,-0.0007,-0.0022,-0.0103,,,
5.56,0.0123,0.6543,0.3095,-0.0001,-0.0132,-0.0868,-0.0007,-0.0022,-0.0103,0.1053,-1.2009,-2.9175
5.58,0.0123,0.6541,0.3077,-0.0002,-0.0134,-0.0878,-0.0007,-0.0022,-0.0103,,,
5.58,0.0123,0.6541,0.3077,-0.0002,-0.0134,-0.0878,-0.0007,-0.0022,-0.0103,0.1033,-1.1953,-2.9169
5.6,0.0123,0.6538,0.3059,-0.0002,-0.0136,-0.0888,-0.0007,-0.0022,-0.0103,,,
5.6,0.0123,0.6538,0.3059,-0.0002,-0.0136,-0.0888,-0.0007,-0.0022,-0.0103,0.1013,-1.1897,-2.9164
5.62,0.0123,0.6535,0.3041,-0.0003,-0.0138,-0.0899,-0.0007,-0.0022,-0.0103,,,
5.62,0.0123,0.6535,0.3041,-0.0003,-0.0138,-0.0899,-0.0007,-0.0022,-0.0103,0.0993,-1.184,-2.9158
5.64,0.0123,0.6532,0.3023,-0.0004,-0.014,-0.0909,-0.0008,-0.0022,-0.0103,,,
5.64,0.0123,0.6532,0.3023,-0.0004,-0.014,-0.0909,-0.0008,-0.0022,-0.0103,0.0973,-1.1785,-2.9152
5.66,0.0123,0.6529,0.3005,-0.0005,-0.0143,-0.0919,-0.0008,-0.0021,-0.0103,,,
5.66,0.0123,0.6529,0.3005,-0.0005,-0.0143,-0.0919,-0.0008,-0.0021,-0.0103,0.0953,-1.1729,-2.9146
5.68,0.0124,0.6527,0.2997,0.0018,-0.0145,-0.0359,0.0226,-0.0021,0.5604,,,
5.68,0.0124,0.6527,0.2997,0.0018,-0.0145,-0.0359,0.0226,-0.0021,0.5604,0.7942,-1.2245,-3.6798
5.7,0.0124,0.6524,0.2997,0.0033,-0.0147,-0.0001,0.0154,-0.0022,0.3573,,,
5.7,0.0124,0.6524,0.2997,0.0033,-0.0147,-0.0001,0.0154,-0.0022,0.3573,0.651,-1.1912,-3.5789
5.72,0.0125,0.6521,0.2997,0.0034,-0.0149,-0.0001,0.0007,-0.0022,0,,,
5.72,0.0125,0.6521,0.2997,0.0034,-0.0149,-0.0001,0.0007,-0.0022,0,0.2722,-1.1235,-3.1855
5.74,0.0126,0.6518,0.2997,0.0034,-0.0151,-0.0001,0.0002,-0.002,0,,,
5.74,0.0126,0.6518,0.2997,0.0034,-0.0151,-0.0001,0.0002,-0.002,0,0.2681,-1.1174,-3.1828
5.76,0.0126,0.6515,0.2997,0.0034,-0.0153,-0.0001,0.0002,-0.002,0,,,
5.76,0.0126,0.6515,0.2997,0.0034,-0.0153,-0.0001,0.0002,-0.002,0,0.2679,-1.1116,-3.1842
5.78,0.0127,0.6511,0.2997,0.0035,-0.0155,-0.0001,0.0002,-0.002,0,,,
5.78,0.0127,0.6511,0.2997,0.0035,-0.0155,-0.0001,0.0002,-0.002,0,0.2678,-1.1059,-3.1857
5.8,0.0128,0.6508,0.2997,0.0035,-0.0157,-0.0001,0.0002,-0.002,0,,,
5.8,0.0128,0.6508,0.2997,0.0035,-0.0157,-0.0001,0.0002,-0.002,0,0.2676,-1.1002,-3.1871
5.82,0.0128,0.6505,0.2997,0.0035,-0.0159,-0.0002,0.0002,-0.002,0,,,
5.82,0.0128,0.6505,0.2997,0.0035,-0.0159,-0.0002,0.0002,-0.002,0,0.2674,-1.0945,-3.1886
5.84,0.0129,0.6502,0.2997,0.0035,-0.0161,-0.0002,0.0002,-0.002,0,,,
5.84,0.0129,0.6502,0.2997,0.0035,-0.0161,-0.0002,0.0002,-0.002,0,0.2673,-1.0888,-3.19
5.86,0.013,0.6499,0.2997,0.0036,-0.0163,-0.0002,0.0002,-0.002,0,,,
5.86,0.013,0.6499,0.2997,0.0036,-0.0163,-0.0002,0.0002,-0.002,0,0.2671,-1.0831,-3.1915
5.88,0.0131,0.6495,0.2997,0.0036,-0.0165,-0.0002,0.0002,-0.002,0,,,
5.88,0.0131,0.6495,0.2997,0.0036,-0.0165,-0.0002,0.0002,-0.002,0,0.2669,-1.0775,-3.1929
5.9,0.0131,0.6492,0.2997,0.0036,-0.0167,-0.0002,0.0002,-0.0019,0,,,
5.9,0.0131,0.6492,0.2997,0.0036,-0.0167,-0.0002,0.0002,-0.0019,0,0.2668,-1.0719,-3.1943
5.92,0.0132,0.6489,0.2997,0.0036,-0.0169,-0.0002,0.0002,-0.0019,0,,,
5.92,0.0132,0.6489,0.2997,0.0036,-0.0169,-0.0002,0.0002,-0.0019,0,0.2666,-1.0663,-3.1957
5.94,0.0133,0.6485,0.2997,0.0037,-0.0171,-0.0002,0.0002,-0.0019,0,,,
5.94,0.0133,0.6485,0.2997,0.0037,-0.0171,-0.0002,0.0002,-0.0019,0,0.2664,-1.0607,-3.1971
5.96,0.0133,0.6482,0.2997,0.0037,-0.0173,-0.0002,0.0002,-0.0019,0,,,
5.96,0.0133,0.6482,0.2997,0.0037,-0.0173,-0.0002,0.0002,-0.0019,0,0.2663,-1.0552,-3.1985
5.98,0.0134,0.6478,0.2997,0.0037,-0.0175,-0.0002,0.0002,-0.0019,0,,,
5.98,0.0134,0.6478,0.2997,0.0037,-0.0175,-0.0002,0.0002,-0.0019,0,0.2661,-1.0496,-3.1998
6,0.0135,0.6475,0.2997,0.0037,-0.0177,-0.0002,0.0002,-0.0019,0,,,
6,0.0135,0.6475,0.2997,0.0037,-0.0177,-0.0002,0.0002,-0.0019,0,0.2659,-1.0441,-3.2012
6.02,0.0136,0.6471,0.2997,0.0038,-0.0179,-0.0002,0.0002,-0.0019,0,,,
6.02,0.0136,0.6471,0.2997,0.0038,-0.0179,-0.0002,0.0002,-0.0019,0,0.2657,-1.0387,-3.2025
6.04,0.0136,0.6468,0.2997,0.0038,-0.018,-0.0002,0.0002,-0.0019,0,,,
6.04,0.0136,0.6468,0.2997,0.0038,-0.018,-0.0002,0.0002,-0.0019,0,0.2656,-1.0332,-3.2039
6.06,0.0137,0.6464,0.2997,0.0038,-0.0182,-0.0002,0.0002,-0.0018,0,,,
6.06,0.0137,0.6464,0.2997,0.0038,-0.0182,-0.0002,0.0002,-0.0018,0,0.2654,-1.0278,-3.2052
6.08,0.0138,0.646,0.2997,0.0038,-0.0184,-0.0002,0.0002,-0.0018,0,,,
6.08,0.0138,0.646,0.2997,0.0038,-0.0184,-0.0002,0.0002,-0.0018,0,0.2652,-1.0223,-3.2065
6.1,0.0139,0.6456,0.2997,0.0039,-0.0186,-0.0002,0.0002,-0.0018,0,,,
6.1,0.0139,0.6456,0.2997,0.0039,-0.0186,-0.0002,0.0002,-0.0018,0,0.2651,-1.0169,-3.2078
6.12,0.014,0.6453,0.2997,0.0039,-0.0188,-0.0002,0.0002,-0.0018,0,,,
6.12,0.014,0.6453,0.2997,0.0039,-0.0188,-0.0002,0.0002,-0.0018,0,0.2649,-1.0116,-3.2091
6.14,0.014,0.6449,0.2997,0.0039,-0.0189,-0.0002,0.0002,-0.0018,0,,,
6.14,0.014,0.6449,0.2997,0.0039,-0.0189,-0.0002,0.0002,-0.0018,0,0.2647,-1.0062,-3.2104
6.16,0.0141,0.6445,0.2997,0.0039,-0.0191,-0.0002,0.0002,-0.0018,0,,,
6.16,0.0141,0.6445,0.2997,0.0039,-0.0191,-0.0002,0.0002,-0.0018,0,0.2645,-1.0009,-3.2117
6.18,0.0142,0.6441,0.2997,0.004,-0.0193,-0.0002,0.0002,-0.0018,0,,,
6.18,0.0142,0.6441,0.2997,0.004,-0.0193,-0.0002,0.0002,-0.0018,0,0.2644,-0.9956,-3.213
6.2,0.0143,0.6437,0.2997,0.004,-0.0195,-0.0002,0.0002,-0.0018,0,,,
6.2,0.0143,0.6437,0.2997,0.004,-0.0195,-0.0002,0.0002,-0.0018,0,0.2642,-0.9903,-3.2142
6.22,0.0143,0.6433,0.2997,0.004,-0.0196,-0.0002,0.0002,-0.0017,0,,,
6.22,0.0143,0.6433,0.2997,0.004,-0.0196,-0.0002,0.0002,-0.0017,0,0.264,-0.985,-3.2155
6.24,0.0144,0.6429,0.2997,0.004,-0.0198,-0.0002,0.0002,-0.0017,0,,,
6.24,0.0144,0.6429,0.2997,0.004,-0.0198,-0.0002,0.0002,-0.0017,0,0.2638,-0.9797,-3.2167
6.26,0.0145,0.6425,0.2996,0.0041,-0.02,-0.0002,0.0002,-0.0017,0,,,
6.26,0.0145,0.6425,0.2996,0.0041,-0.02,-0.0002,0.0002,-0.0017,0,0.2637,-0.9745,-3.2179
6.28,0.0146,0.6421,0.2996,0.0041,-0.0202,-0.0002,0.0002,-0.0017,0,,,
6.28,0.0146,0.6421,0.2996,0.0041,-0.0202,-0.0002,0.0002,-0.0017,0,0.2635,-0.9693,-3.2192
6.3,0.0147,0.6417,0.2996,0.0041,-0.0203,-0.0002,0.0002,-0.0017,0,,,
6.3,0.0147,0.6417,0.2996,0.0041,-0.0203,-0.0002,0.0002,-0.0017,0,0.2633,-0.9641,-3.2204
6.32,0.0148,0.6413,0.2996,0.0041,-0.0205,-0.0002,0.0002,-0.0017,0,,,
6.32,0.0148,0.6413,0.2996,0.0041,-0.0205,-0.0002,0.0002,-0.0017,0,0.2631,-0.959,-3.2216
6.34,0.0148,0.6409,0.2996,0.0042,-0.0207,-0.0002,0.0002,-0.0017,0,,,
6.34,0.0148,0.6409,0.2996,0.0042,-0.0207,-0.0002,0.0002,-0.0017,0,0.2629,-0.9538,-3.2228
6.36,0.0149,0.6405,0.2996,0.0042,-0.0208,-0.0002,0.0002,-0.0017,0,,,
6.36,0.0149,0.6405,0.2996,0.0042,-0.0208,-0.0002,0.0002,-0.0017,0,0.2628,-0.9487,-3.224
6.38,0.015,0.6401,0.2996,0.0042,-0.021,-0.0002,0.0002,-0.0016,0,,,
6.38,0.015,0.6401,0.2996,0.0042,-0.021,-0.0002,0.0002,-0.0016,0,0.2626,-0.9436,-3.2251
6.4,0.0151,0.6397,0.2996,0.0042,-0.0212,-0.0002,0.0002,-0.0016,0,,,
6.4,0.0151,0.6397,0.2996,0.0042,-0.0212,-0.0002,0.0002,-0.0016,0,0.2624,-0.9385,-3.2263
6.42,0.0152,0.6392,0.2996,0.0043,-0.0213,-0.0002,0.0002,-0.0016,0,,,
6.42,0.0152,0.6392,0.2996,0.0043,-0.0213,-0.0002,0.0002,-0.0016,0,0.2622,-0.9334,-3.2275
6.44,0.0153,0.6388,0.2996,0.0043,-0.0215,-0.0002,0.0002,-0.0016,0,,,
6.44,0.0153,0.6388,0.2996,0.0043,-0.0215,-0.0002,0.0002,-0.0016,0,0.2621,-0.9284,-3.2286
6.46,0.0154,0.6384,0.2996,0.0043,-0.0216,-0.0002,0.0002,-0.0016,0,,,
6.46,0.0154,0.6384,0.2996,0.0043,-0.0216,-0.0002,0.0002,-0.0016,0,0.2619,-0.9234,-3.2297
6.48,0.0154,0.6379,0.2996,0.0043,-0.0218,-0.0002,0.0002,-0.0016,0,,,
6.48,0.0154,0.6379,0.2996,0.0043,-0.0218,-0.0002,0.0002,-0.0016,0,0.2617,-0.9184,-3.2309
6.5,0.0155,0.6375,0.2996,0.0044,-0.022,-0.0002,0.0003,-0.0016,0,,,
6.5,0.0155,0.6375,0.2996,0.0044,-0.022,-0.0002,0.0003,-0.0016,0,0.2615,-0.9134,-3.232
6.52,0.0156,0.637,0.2996,0.0044,-0.0221,-0.0002,0.0003,-0.0016,0,,,
6.52,0.0156,0.637,0.2996,0.0044,-0.0221,-0.0002,0.0003,-0.0016,0,0.2613,-0.9084,-3.2331
6.54,0.0157,0.6366,0.2996,0.0044,-0.0223,-0.0002,0.0003,-0.0016,0,,,
6.54,0.0157,0.6366,0.2996,0.0044,-0.0223,-0.0002,0.0003,-0.0016,0,0.2611,-0.9035,-3.2342
6.56,0.0158,0.6362,0.2996,0.0044,-0.0224,-0.0002,0.0003,-0.0015,0,,,
6.56,0.0158,0.6362,0.2996,0.0044,-0.0224,-0.0002,0.0003,-0.0015,0,0.261,-0.8985,-3.2353
6.58,0.0159,0.6357,0.2996,0.0045,-0.0226,-0.0002,0.0003,-0.0015,0,,,
6.58,0.0159,0.6357,0.2996,0.0045,-0.0226,-0.0002,0.0003,-0.0015,0,0.2608,-0.8936,-3.2364
6.6,0.016,0.6352,0.2996,0.0045,-0.0227,-0.0002,0.0003,-0.0015,0,,,
6.6,0.016,0.6352,0.2996,0.0045,-0.0227,-0.0002,0.0003,-0.0015,0,0.2606,-0.8888,-3.2375
6.62,0.0161,0.6348,0.2996,0.0045,-0.0229,-0.0002,0.0003,-0.0015,0,,,
6.62,0.0161,0.6348,0.2996,0.0045,-0.0229,-0.0002,0.0003,-0.0015,0,0.2604,-0.8839,-3.2386
6.64,0.0162,0.6343,0.2996,0.0045,-0.023,-0.0002,0.0003,-0.0015,0,,,
6.64,0.0162,0.6343,0.2996,0.0045,-0.023,-0.0002,0.0003,-0.0015,0,0.2602,-0.879,-3.2396
6.66,0.0162,0.6339,0.2996,0.0046,-0.0232,-0.0002,0.0003,-0.0015,0,,,
6.66,0.0162,0.6339,0.2996,0.0046,-0.0232,-0.0002,0.0003,-0.0015,0,0.26,-0.8742,-3.2407
6.68,0.0163,0.6334,0.2996,0.0046,-0.0233,-0.0002,0.0003,-0.0015,0,,,
6.68,0.0163,0.6334,0.2996,0.0046,-0.0233,-0.0002,0.0003,-0.0015,0,0.2599,-0.8694,-3.2417
6.7,0.0164,0.6329,0.2996,0.0046,-0.0235,-0.0003,0.0003,-0.0015,0,,,
6.7,0.0164,0.6329,0.2996,0.0046,-0.0235,-0.0003,0.0003,-0.0015,0,0.2597,-0.8646,-3.2428
6.72,0.0165,0.6325,0.2995,0.0046,-0.0236,-0.0003,0.0003,-0.0015,0,,,
6.72,0.0165,0.6325,0.2995,0.0046,-0.0236,-0.0003,0.0003,-0.0015,0,0.2595,-0.8599,-3.2438
6.74,0.0166,0.632,0.2995,0.0047,-0.0238,-0.0003,0.0003,-0.0014,0,,,
6.74,0.0166,0.632,0.2995,0.0047,-0.0238,-0.0003,0.0003,-0.0014,0,0.2593,-0.8551,-3.2448
6.76,0.0167,0.6315,0.2995,0.0047,-0.0239,-0.0003,0.0003,-0.0014,0,,,
6.76,0.0167,0.6315,0.2995,0.0047,-0.0239,-0.0003,0.0003,-0.0014,0,0.2591,-0.8504,-3.2458
6.78,0.0168,0.631,0.2995,0.0047,-0.024,-0.0003,0.0003,-0.0014,0,,,
6.78,0.0168,0.631,0.2995,0.0047,-0.024,-0.0003,0.0003,-0.0014,0,0.2589,-0.8457,-3.2468
6.8,0.0169,0.6305,0.2995,0.0047,-0.0242,-0.0003,0.0003,-0.0014,0,,,
6.8,0.0169,0.6305,0.2995,0.0047,-0.0242,-0.0003,0.0003,-0.0014,0,0.2587,-0.841,-3.2478
6.82,0.017,0.6301,0.2995,0.0048,-0.0243,-0.0003,0.0003,-0.0014,0,,,
6.82,0.017,0.6301,0.2995,0.0048,-0.0243,-0.0003,0.0003,-0.0014,0,0.2586,-0.8363,-3.2488
6.84,0.0171,0.6296,0.2995,0.0048,-0.0245,-0.0003,0.0003,-0.0014,0,,,
6.84,0.0171,0.6296,0.2995,0.0048,-0.0245,-0.0003,0.0003,-0.0014,0,0.2584,-0.8317,-3.2498
6.86,0.0172,0.6291,0.2995,0.0048,-0.0246,-0.0003,0.0003,-0.0014,0,,,
6.86,0.0172,0.6291,0.2995,0.0048,-0.0246,-0.0003,0.0003,-0.0014,0,0.2582,-0.8271,-3.2508
6.88,0.0173,0.6286,0.2995,0.0048,-0.0247,-0.0003,0.0003,-0.0014,0,,,
6.88,0.0173,0.6286,0.2995,0.0048,-0.0247,-0.0003,0.0003,-0.0014,0,0.258,-0.8224,-3.2517
6.9,0.0174,0.6281,0.2995,0.0049,-0.0249,-0.0003,0.0003,-0.0014,0,,,
6.9,0.0174,0.6281,0.2995,0.0049,-0.0249,-0.0003,0.0003,-0.0014,0,0.2578,-0.8179,-3.2527
6.92,0.0175,0.6276,0.2995,0.0049,-0.025,-0.0003,0.0003,-0.0013,0,,,
6.92,0.0175,0.6276,0.2995,0.0049,-0.025,-0.0003,0.0003,-0.0013,0,0.2576,-0.8133,-3.2537
6.94,0.0176,0.6271,0.2995,0.0049,-0.0251,-0.0003,0.0003,-0.0013,0,,,
6.94,0.0176,0.6271,0.2995,0.0049,-0.0251,-0.0003,0.0003,-0.0013,0,0.2574,-0.8087,-3.2546
6.96,0.0177,0.6266,0.2995,0.0049,-0.0253,-0.0003,0.0003,-0.0013,0,,,
6.96,0.0177,0.6266,0.2995,0.0049,-0.0253,-0.0003,0.0003,-0.0013,0,0.2572,-0.8042,-3.2555
6.98,0.0178,0.6261,0.2995,0.005,-0.0254,-0.0003,0.0003,-0.0013,0,,,
6.98,0.0178,0.6261,0.2995,0.005,-0.0254,-0.0003,0.0003,-0.0013,0,0.257,-0.7997,-3.2565
7,0.0179,0.6255,0.2995,0.005,-0.0255,-0.0003,0.0003,-0.0013,0,,,
7,0.0179,0.6255,0.2995,0.005,-0.0255,-0.0003,0.0003,-0.0013,0,0.2569,-0.7952,-3.2574
7.02,0.018,0.625,0.2995,0.005,-0.0257,-0.0003,0.0003,-0.0013,0,,,
7.02,0.018,0.625,0.2995,0.005,-0.0257,-0.0003,0.0003,-0.0013,0,0.2567,-0.7907,-3.2583
7.04,0.0181,0.6245,0.2995,0.005,-0.0258,-0.0003,0.0003,-0.0013,0,,,
7.04,0.0181,0.6245,0.2995,0.005,-0.0258,-0.0003,0.0003,-0.0013,0,0.2565,-0.7862,-3.2592
7.06,0.0182,0.624,0.2994,0.0051,-0.0259,-0.0003,0.0003,-0.0013,0,,,
7.06,0.0182,0.624,0.2994,0.0051,-0.0259,-0.0003,0.0003,-0.0013,0,0.2563,-0.7818,-3.2601
7.08,0.0183,0.6235,0.2994,0.0051,-0.0261,-0.0003,0.0003,-0.0013,0,,,
7.08,0.0183,0.6235,0.2994,0.0051,-0.0261,-0.0003,0.0003,-0.0013,0,0.2561,-0.7774,-3.261
7.1,0.0184,0.623,0.2994,0.0051,-0.0262,-0.0003,0.0003,-0.0013,0,,,
7.1,0.0184,0.623,0.2994,0.0051,-0.0262,-0.0003,0.0003,-0.0013,0,0.2559,-0.773,-3.2619
7.12,0.0185,0.6224,0.2994,0.0052,-0.0263,-0.0003,0.0003,-0.0012,0,,,
7.12,0.0185,0.6224,0.2994,0.0052,-0.0263,-0.0003,0.0003,-0.0012,0,0.2557,-0.7686,-3.2628
7.14,0.0186,0.6219,0.2994,0.0052,-0.0264,-0.0003,0.0003,-0.0012,0,,,
7.14,0.0186,0.6219,0.2994,0.0052,-0.0264,-0.0003,0.0003,-0.0012,0,0.2555,-0.7642,-3.2637
7.16,0.0187,0.6214,0.2994,0.0052,-0.0265,-0.0003,0.0003,-0.0012,0,,,
7.16,0.0187,0.6214,0.2994,0.0052,-0.0265,-0.0003,0.0003,-0.0012,0,0.2553,-0.7599,-3.2645
7.18,0.0188,0.6208,0.2994,0.0052,-0.0267,-0.0003,0.0003,-0.0012,0,,,
7.18,0.0188,0.6208,0.2994,0.0052,-0.0267,-0.0003,0.0003,-0.0012,0,0.2551,-0.7555,-3.2654
7.2,0.0189,0.6203,0.2994,0.0053,-0.0268,-0.0003,0.0003,-0.0012,0,,,
7.2,0.0189,0.6203,0.2994,0.0053,-0.0268,-0.0003,0.0003,-0.0012,0,0.2549,-0.7512,-3.2662
7.22,0.019,0.6198,0.2994,0.0053,-0.0269,-0.0003,0.0003,-0.0012,0,,,
7.22,0.019,0.6198,0.2994,0.0053,-0.0269,-0.0003,0.0003,-0.0012,0,0.2548,-0.7469,-3.2671
7.24,0.0191,0.6192,0.2994,0.0053,-0.027,-0.0003,0.0003,-0.0012,0,,,
7.24,0.0191,0.6192,0.2994,0.0053,-0.027,-0.0003,0.0003,-0.0012,0,0.2546,-0.7426,-3.2679
7.26,0.0192,0.6187,0.2994,0.0053,-0.0271,-0.0003,0.0003,-0.0012,0,,,
7.26,0.0192,0.6187,0.2994,0.0053,-0.0271,-0.0003,0.0003,-0.0012,0,0.2544,-0.7384,-3.2688
7.28,0.0193,0.6181,0.2994,0.0054,-0.0273,-0.0003,0.0003,-0.0012,0,,,
7.28,0.0193,0.6181,0.2994,0.0054,-0.0273,-0.0003,0.0003,-0.0012,0,0.2542,-0.7341,-3.2696
7.3,0.0194,0.6176,0.2994,0.0054,-0.0274,-0.0003,0.0003,-0.0012,0,,,
7.3,0.0194,0.6176,0.2994,0.0054,-0.0274,-0.0003,0.0003,-0.0012,0,0.254,-0.7299,-3.2704
7.32,0.0195,0.617,0.2994,0.0054,-0.0275,-0.0004,0.0003,-0.0011,0,,,
7.32,0.0195,0.617,0.2994,0.0054,-0.0275,-0.0004,0.0003,-0.0011,0,0.2538,-0.7257,-3.2712
7.34,0.0197,0.6165,0.2994,0.0054,-0.0276,-0.0004,0.0003,-0.0011,0,,,
7.34,0.0197,0.6165,0.2994,0.0054,-0.0276,-0.0004,0.0003,-0.0011,0,0.2536,-0.7215,-3.272
7.36,0.0198,0.6159,0.2993,0.0055,-0.0277,-0.0004,0.0003,-0.0011,0,,,
7.36,0.0198,0.6159,0.2993,0.0055,-0.0277,-0.0004,0.0003,-0.0011,0,0.2534,-0.7173,-3.2728
7.38,0.0199,0.6154,0.2993,0.0055,-0.0278,-0.0004,0.0003,-0.0011,0,,,
7.38,0.0199,0.6154,0.2993,0.0055,-0.0278,-0.0004,0.0003,-0.0011,0,0.2532,-0.7132,-3.2736
7.4,0.02,0.6148,0.2993,0.0055,-0.0279,-0.0004,0.0003,-0.0011,0,,,
7.4,0.02,0.6148,0.2993,0.0055,-0.0279,-0.0004,0.0003,-0.0011,0,0.253,-0.7091,-3.2744
7.42,0.0201,0.6143,0.2993,0.0055,-0.0281,-0.0004,0.0003,-0.0011,0,,,
7.42,0.0201,0.6143,0.2993,0.0055,-0.0281,-0.0004,0.0003,-0.0011,0,0.2528,-0.7049,-3.2752
7.44,0.0202,0.6137,0.2993,0.0056,-0.0282,-0.0004,0.0003,-0.0011,0,,,
7.44,0.0202,0.6137,0.2993,0.0056,-0.0282,-0.0004,0.0003,-0.0011,0,0.2526,-0.7008,-3.2759
7.46,0.0203,0.6131,0.2993,0.0056,-0.0283,-0.0004,0.0003,-0.0011,0,,,
7.46,0.0203,0.6131,0.2993,0.0056,-0.0283,-0.0004,0.0003,-0.0011,0,0.2524,-0.6967,-3.2767
7.48,0.0204,0.6126,0.2993,0.0056,-0.0284,-0.0004,0.0003,-0.0011,0,,,
7.48,0.0204,0.6126,0.2993,0.0056,-0.0284,-0.0004,0.0003,-0.0011,0,0.2522,-0.6927,-3.2775
7.5,0.0205,0.612,0.2993,0.0057,-0.0285,-0.0004,0.0003,-0.0011,0,,,
7.5,0.0205,0.612,0.2993,0.0057,-0.0285,-0.0004,0.0003,-0.0011,0,0.252,-0.6886,-3.2782
7.52,0.0207,0.6114,0.2993,0.0057,-0.0286,-0.0004,0.0003,-0.0011,0,,,
7.52,0.0207,0.6114,0.2993,0.0057,-0.0286,-0.0004,0.0003,-0.0011,0,0.2519,-0.6846,-3.279
7.54,0.0208,0.6108,0.2993,0.0057,-0.0287,-0.0004,0.0003,-0.001,0,,,
7.54,0.0208,0.6108,0.2993,0.0057,-0.0287,-0.0004,0.0003,-0.001,0,0.2517,-0.6806,-3.2797
7.56,0.0209,0.6103,0.2993,0.0057,-0.0288,-0.0004,0.0003,-0.001,0,,,
7.56,0.0209,0.6103,0.2993,0.0057,-0.0288,-0.0004,0.0003,-0.001,0,0.2515,-0.6766,-3.2805
7.58,0.021,0.6097,0.2993,0.0058,-0.0289,-0.0004,0.0003,-0.001,0,,,
7.58,0.021,0.6097,0.2993,0.0058,-0.0289,-0.0004,0.0003,-0.001,0,0.2513,-0.6726,-3.2812
7.6,0.0211,0.6091,0.2993,0.0058,-0.029,-0.0004,0.0003,-0.001,0,,,
7.6,0.0211,0.6091,0.2993,0.0058,-0.029,-0.0004,0.0003,-0.001,0,0.2511,-0.6686,-3.2819
7.62,0.0212,0.6085,0.2992,0.0058,-0.0291,-0.0004,0.0003,-0.001,0,,,
7.62,0.0212,0.6085,0.2992,0.0058,-0.0291,-0.0004,0.0003,-0.001,0,0.2509,-0.6647,-3.2826
7.64,0.0213,0.6079,0.2992,0.0058,-0.0292,-0.0004,0.0003,-0.001,0,,,
7.64,0.0213,0.6079,0.2992,0.0058,-0.0292,-0.0004,0.0003,-0.001,0,0.2507,-0.6608,-3.2834
7.66,0.0215,0.6074,0.2992,0.0059,-0.0293,-0.0004,0.0003,-0.001,0,,,
7.66,0.0215,0.6074,0.2992,0.0059,-0.0293,-0.0004,0.0003,-0.001,0,0.2505,-0.6569,-3.284
7.68,0.0216,0.6068,0.2992,0.0059,-0.0294,-0.0004,0.0003,-0.001,0,,,
7.68,0.0216,0.6068,0.2992,0.0059,-0.0294,-0.0004,0.0003,-0.001,0,0.2503,-0.653,-3.2848
7.7,0.0217,0.6062,0.2992,0.0059,-0.0295,-0.0004,0.0003,-0.001,0,,,
7.7,0.0217,0.6062,0.2992,0.0059,-0.0295,-0.0004,0.0003,-0.001,0,0.2501,-0.6491,-3.2855
7.72,0.0218,0.6056,0.2992,0.0059,-0.0296,-0.0004,0.0003,-0.001,0,,,
7.72,0.0218,0.6056,0.2992,0.0059,-0.0296,-0.0004,0.0003,-0.001,0,0.2499,-0.6452,-3.2861
7.74,0.0219,0.605,0.2992,0.006,-0.0297,-0.0004,0.0003,-0.001,0,,,
7.74,0.0219,0.605,0.2992,0.006,-0.0297,-0.0004,0.0003,-0.001,0,0.2497,-0.6414,-3.2868
7.76,0.0221,0.6044,0.2992,0.006,-0.0298,-0.0004,0.0003,-0.001,0,,,
7.76,0.0221,0.6044,0.2992,0.006,-0.0298,-0.0004,0.0003,-0.001,0,0.2495,-0.6375,-3.2875
7.78,0.0222,0.6038,0.2992,0.006,-0.0299,-0.0004,0.0003,-0.0009,0,,,
7.78,0.0222,0.6038,0.2992,0.006,-0.0299,-0.0004,0.0003,-0.0009,0,0.2493,-0.6337,-3.2882
7.8,0.0223,0.6032,0.2992,0.0061,-0.03,-0.0004,0.0003,-0.0009,-0.0001,,,
7.8,0.0223,0.6032,0.2992,0.0061,-0.03,-0.0004,0.0003,-0.0009,-0.0001,0.2491,-0.6299,-3.2888
7.82,0.0224,0.6026,0.2992,0.0061,-0.0301,-0.0005,0.0003,-0.0009,0,,,
7.82,0.0224,0.6026,0.2992,0.0061,-0.0301,-0.0005,0.0003,-0.0009,0,0.2489,-0.6262,-3.2895
7.84,0.0225,0.602,0.2992,0.0061,-0.0302,-0.0005,0.0003,-0.0009,0,,,
7.84,0.0225,0.602,0.2992,0.0061,-0.0302,-0.0005,0.0003,-0.0009,0,0.2487,-0.6224,-3.2902
7.86,0.0227,0.6014,0.2991,0.0061,-0.0302,-0.0005,0.0003,-0.0009,0,,,
7.86,0.0227,0.6014,0.2991,0.0061,-0.0302,-0.0005,0.0003,-0.0009,0,0.2485,-0.6186,-3.2908
7.88,0.0228,0.6008,0.2991,0.0062,-0.0303,-0.0005,0.0003,-0.0009,0,,,
7.88,0.0228,0.6008,0.2991,0.0062,-0.0303,-0.0005,0.0003,-0.0009,0,0.2483,-0.6149,-3.2915
7.9,0.0229,0.6002,0.2991,0.0062,-0.0304,-0.0005,0.0003,-0.0009,0,,,
7.9,0.0229,0.6002,0.2991,0.0062,-0.0304,-0.0005,0.0003,-0.0009,0,0.2481,-0.6112,-3.2921
7.92,0.023,0.5996,0.2991,0.0062,-0.0305,-0.0005,0.0003,-0.0009,-0.0001,,,
7.92,0.023,0.5996,0.2991,0.0062,-0.0305,-0.0005,0.0003,-0.0009,-0.0001,0.2479,-0.6075,-3.2927
7.94,0.0232,0.599,0.2991,0.0062,-0.0306,-0.0005,0.0003,-0.0009,0,,,
7.94,0.0232,0.599,0.2991,0.0062,-0.0306,-0.0005,0.0003,-0.0009,0,0.2478,-0.6038,-3.2934
7.96,0.0233,0.5983,0.2991,0.0063,-0.0307,-0.0005,0.0003,-0.0009,-0.0001,,,
7.96,0.0233,0.5983,0.2991,0.0063,-0.0307,-0.0005,0.0003,-0.0009,-0.0001,0.2476,-0.6002,-3.294
7.98,0.0234,0.5977,0.2991,0.0063,-0.0308,-0.0005,0.0003,-0.0009,0,,,
7.98,0.0234,0.5977,0.2991,0.0063,-0.0308,-0.0005,0.0003,-0.0009,0,0.2474,-0.5965,-3.2946
8,0.0235,0.5971,0.2991,0.0063,-0.0309,-0.0005,0.0003,-0.0009,0,,,
8,0.0235,0.5971,0.2991,0.0063,-0.0309,-0.0005,0.0003,-0.0009,0,0.2472,-0.5929,-3.2952
8.02,0.0237,0.5965,0.2991,0.0064,-0.0309,-0.0005,0.0003,-0.0008,0,,,
8.02,0.0237,0.5965,0.2991,0.0064,-0.0309,-0.0005,0.0003,-0.0008,0,0.247,-0.5892,-3.2959
8.04,0.0238,0.5959,0.2991,0.0064,-0.031,-0.0005,0.0003,-0.0008,0,,,
8.04,0.0238,0.5959,0.2991,0.0064,-0.031,-0.0005,0.0003,-0.0008,0,0.2468,-0.5856,-3.2965
8.06,0.0239,0.5952,0.299,0.0064,-0.0311,-0.0005,0.0003,-0.0008,-0.0001,,,
8.06,0.0239,0.5952,0.299,0.0064,-0.0311,-0.0005,0.0003,-0.0008,-0.0001,0.2466,-0.5821,-3.2971
8.08,0.0241,0.5946,0.299,0.0064,-0.0312,-0.0005,0.0003,-0.0008,-0.0001,,,
8.08,0.0241,0.5946,0.299,0.0064,-0.0312,-0.0005,0.0003,-0.0008,-0.0001,0.2464,-0.5785,-3.2977
8.1,0.0242,0.594,0.299,0.0065,-0.0313,-0.0005,0.0003,-0.0008,-0.0001,,,
8.1,0.0242,0.594,0.299,0.0065,-0.0313,-0.0005,0.0003,-0.0008,-0.0001,0.2462,-0.5749,-3.2982
8.12,0.0243,0.5934,0.299,0.0065,-0.0314,-0.0005,0.0003,-0.0008,0,,,
8.12,0.0243,0.5934,0.299,0.0065,-0.0314,-0.0005,0.0003,-0.0008,0,0.246,-0.5714,-3.2989
8.14,0.0244,0.5927,0.299,0.0065,-0.0314,-0.0005,0.0003,-0.0008,-0.0001,,,
8.14,0.0244,0.5927,0.299,0.0065,-0.0314,-0.0005,0.0003,-0.0008,-0.0001,0.2458,-0.5679,-3.2994
8.16,0.0246,0.5921,0.299,0.0066,-0.0315,-0.0005,0.0003,-0.0008,-0.0001,,,
8.16,0.0246,0.5921,0.299,0.0066,-0.0315,-0.0005,0.0003,-0.0008,-0.0001,0.2456,-0.5644,-3.3
8.18,0.0247,0.5915,0.299,0.0066,-0.0316,-0.0005,0.0003,-0.0008,0,,,
8.18,0.0247,0.5915,0.299,0.0066,-0.0316,-0.0005,0.0003,-0.0008,0,0.2454,-0.5609,-3.3006
8.2,0.0248,0.5908,0.299,0.0066,-0.0317,-0.0005,0.0003,-0.0008,-0.0001,,,
8.2,0.0248,0.5908,0.299,0.0066,-0.0317,-0.0005,0.0003,-0.0008,-0.0001,0.2452,-0.5574,-3.3011
8.22,0.025,0.5902,0.299,0.0066,-0.0317,-0.0006,0.0003,-0.0008,-0.0001,,,
8.22,0.025,0.5902,0.299,0.0066,-0.0317,-0.0006,0.0003,-0.0008,-0.0001,0.245,-0.5539,-3.3017
8.24,0.0252,0.5889,0.2989,0.0067,-0.0318,-0.0006,0.0003,-0.0008,-0.0001,,,
8.24,0.0252,0.5889,0.2989,0.0067,-0.0318,-0.0006,0.0003,-0.0008,-0.0001,0.2447,-0.549,-3.3023
8.26,0.0252,0.5889,0.2989,0.0067,-0.0319,-0.0006,0.0003,-0.0007,-0.0001,,,
8.26,0.0252,0.5889,0.2989,0.0067,-0.0319,-0.0006,0.0003,-0.0007,-0.0001,0.2446,-0.547,-3.3028
8.28,0.0254,0.5883,0.2989,0.0067,-0.032,-0.0006,0.0003,-0.0007,0,,,
8.28,0.0254,0.5883,0.2989,0.0067,-0.032,-0.0006,0.0003,-0.0007,0,0.2445,-0.5436,-3.3034
8.3,0.0255,0.5877,0.2989,0.0068,-0.032,-0.0006,0.0003,-0.0007,-0.0001,,,
8.3,0.0255,0.5877,0.2989,0.0068,-0.032,-0.0006,0.0003,-0.0007,-0.0001,0.2442,-0.5402,-3.3039
8.32,0.0256,0.587,0.2989,0.0068,-0.0321,-0.0006,0.0003,-0.0007,-0.0001,,,
8.32,0.0256,0.587,0.2989,0.0068,-0.0321,-0.0006,0.0003,-0.0007,-0.0001,0.2441,-0.5368,-3.3045
8.34,0.0258,0.5864,0.2989,0.0068,-0.0322,-0.0006,0.0003,-0.0007,-0.0001,,,
8.34,0.0258,0.5864,0.2989,0.0068,-0.0322,-0.0006,0.0003,-0.0007,-0.0001,0.2439,-0.5335,-3.305
8.36,0.0259,0.5857,0.2989,0.0068,-0.0323,-0.0006,0.0003,-0.0007,-0.0001,,,
8.36,0.0259,0.5857,0.2989,0.0068,-0.0323,-0.0006,0.0003,-0.0007,-0.0001,0.2437,-0.5301,-3.3055
8.38,0.0261,0.5851,0.2989,0.0069,-0.0323,-0.0006,0.0003,-0.0007,-0.0001,,,
8.38,0.0261,0.5851,0.2989,0.0069,-0.0323,-0.0006,0.0003,-0.0007,-0.0001,0.2435,-0.5268,-3.3061
8.4,0.0262,0.5844,0.2989,0.0069,-0.0324,-0.0006,0.0003,-0.0007,-0.0001,,,
8.4,0.0262,0.5844,0.2989,0.0069,-0.0324,-0.0006,0.0003,-0.0007,-0.0001,0.2433,-0.5234,-3.3066
8.42,0.0263,0.5838,0.2988,0.0069,-0.0325,-0.0006,0.0003,-0.0007,-0.0001,,,
8.42,0.0263,0.5838,0.2988,0.0069,-0.0325,-0.0006,0.0003,-0.0007,-0.0001,0.2431,-0.5201,-3.3071
8.44,0.0265,0.5831,0.2988,0.007,-0.0325,-0.0006,0.0003,-0.0007,-0.0001,,,
8.44,0.0265,0.5831,0.2988,0.007,-0.0325,-0.0006,0.0003,-0.0007,-0.0001,0.2429,-0.5168,-3.3076
8.46,0.0266,0.5825,0.2988,0.007,-0.0326,-0.0006,0.0003,-0.0007,-0.0001,,,
8.46,0.0266,0.5825,0.2988,0.007,-0.0326,-0.0006,0.0003,-0.0007,-0.0001,0.2427,-0.5135,-3.3081
8.48,0.0267,0.5818,0.2988,0.007,-0.0327,-0.0006,0.0003,-0.0007,-0.0001,,,
8.48,0.0267,0.5818,0.2988,0.007,-0.0327,-0.0006,0.0003,-0.0007,-0.0001,0.2425,-0.5103,-3.3086
8.5,0.0269,0.5812,0.2988,0.007,-0.0327,-0.0006,0.0003,-0.0007,-0.0001,,,
8.5,0.0269,0.5812,0.2988,0.007,-0.0327,-0.0006,0.0003,-0.0007,-0.0001,0.2423,-0.507,-3.3091
8.52,0.027,0.5805,0.2988,0.0071,-0.0328,-0.0006,0.0003,-0.0007,-0.0001,,,
8.52,0.027,0.5805,0.2988,0.0071,-0.0328,-0.0006,0.0003,-0.0007,-0.0001,0.2421,-0.5038,-3.3097
8.54,0.0272,0.5799,0.2988,0.0071,-0.0329,-0.0006,0.0003,-0.0006,-0.0001,,,
8.54,0.0272,0.5799,0.2988,0.0071,-0.0329,-0.0006,0.0003,-0.0006,-0.0001,0.2419,-0.5005,-3.3101
8.56,0.0273,0.5792,0.2988,0.0071,-0.0329,-0.0006,0.0003,-0.0006,-0.0001,,,
8.56,0.0273,0.5792,0.2988,0.0071,-0.0329,-0.0006,0.0003,-0.0006,-0.0001,0.2417,-0.4973,-3.3106
8.58,0.0276,0.5779,0.2987,0.0072,-0.033,-0.0007,0.0003,-0.0006,-0.0001,,,
8.58,0.0276,0.5779,0.2987,0.0072,-0.033,-0.0007,0.0003,-0.0006,-0.0001,0.2414,-0.4926,-3.3112
8.6,0.0276,0.5779,0.2987,0.0072,-0.0331,-0.0007,0.0003,-0.0006,-0.0001,,,
8.6,0.0276,0.5779,0.2987,0.0072,-0.0331,-0.0007,0.0003,-0.0006,-0.0001,0.2414,-0.4909,-3.3116
8.62,0.0277,0.5772,0.2987,0.0072,-0.0331,-0.0007,0.0003,-0.0006,-0.0001,,,
8.62,0.0277,0.5772,0.2987,0.0072,-0.0331,-0.0007,0.0003,-0.0006,-0.0001,0.2412,-0.4878,-3.3121
8.64,0.0279,0.5766,0.2987,0.0072,-0.0332,-0.0007,0.0003,-0.0006,-0.0001,,,
8.64,0.0279,0.5766,0.2987,0.0072,-0.0332,-0.0007,0.0003,-0.0006,-0.0001,0.241,-0.4846,-3.3126
8.66,0.028,0.5759,0.2987,0.0073,-0.0332,-0.0007,0.0003,-0.0006,-0.0001,,,
8.66,0.028,0.5759,0.2987,0.0073,-0.0332,-0.0007,0.0003,-0.0006,-0.0001,0.2408,-0.4815,-3.313
8.68,0.0282,0.5752,0.2987,0.0073,-0.0333,-0.0007,0.0003,-0.0006,-0.0001,,,
8.68,0.0282,0.5752,0.2987,0.0073,-0.0333,-0.0007,0.0003,-0.0006,-0.0001,0.2406,-0.4784,-3.3135
8.7,0.0283,0.5746,0.2987,0.0073,-0.0334,-0.0007,0.0003,-0.0006,-0.0001,,,
8.7,0.0283,0.5746,0.2987,0.0073,-0.0334,-0.0007,0.0003,-0.0006,-0.0001,0.2404,-0.4753,-3.314
8.72,0.0285,0.5739,0.2986,0.0074,-0.0334,-0.0007,0.0003,-0.0006,-0.0001,,,
8.72,0.0285,0.5739,0.2986,0.0074,-0.0334,-0.0007,0.0003,-0.0006,-0.0001,0.2402,-0.4722,-3.3144
8.74,0.0286,0.5732,0.2986,0.0074,-0.0335,-0.0007,0.0003,-0.0006,-0.0001,,,
8.74,0.0286,0.5732,0.2986,0.0074,-0.0335,-0.0007,0.0003,-0.0006,-0.0001,0.24,-0.4691,-3.3149
8.76,0.0288,0.5725,0.2986,0.0074,-0.0335,-0.0007,0.0003,-0.0006,-0.0001,,,
8.76,0.0288,0.5725,0.2986,0.0074,-0.0335,-0.0007,0.0003,-0.0006,-0.0001,0.2398,-0.466,-3.3154
8.78,0.0289,0.5719,0.2986,0.0075,-0.0336,-0.0007,0.0003,-0.0006,-0.0001,,,
8.78,0.0289,0.5719,0.2986,0.0075,-0.0336,-0.0007,0.0003,-0.0006,-0.0001,0.2396,-0.4629,-3.3158
8.8,0.0291,0.5712,0.2986,0.0075,-0.0336,-0.0007,0.0003,-0.0006,-0.0001,,,
8.8,0.0291,0.5712,0.2986,0.0075,-0.0336,-0.0007,0.0003,-0.0006,-0.0001,0.2394,-0.4599,-3.3162
8.82,0.0292,0.5705,0.2986,0.0075,-0.0337,-0.0007,0.0003,-0.0006,-0.0001,,,
8.82,0.0292,0.5705,0.2986,0.0075,-0.0337,-0.0007,0.0003,-0.0006,-0.0001,0.2393,-0.4569,-3.3167
8.84,0.0294,0.5699,0.2986,0.0075,-0.0338,-0.0007,0.0003,-0.0005,-0.0001,,,
8.84,0.0294,0.5699,0.2986,0.0075,-0.0338,-0.0007,0.0003,-0.0005,-0.0001,0.2391,-0.4539,-3.3171
